# OBJ generated by ONSHAPE BY PTC INC, 1.220 Units = meters
mtllib real-HRV-volume.mtl
g real-HRV-volume
v 0.0948192 0.0848192 0.00218097 
v 0.0947183 0.0847183 0.00435779 
v 0.0945503 0.0845503 0.00652631 
v 0.0943157 0.0843157 0.00868241 
v 0.0940148 0.0840148 0.010822 
v 0.0936481 0.0836481 0.012941 
v 0.0932165 0.0832165 0.0150353 
v 0.0927206 0.0827206 0.017101 
v 0.0921615 0.0821615 0.0191342 
v 0.0915403 0.0815403 0.0211309 
v 0.090858 0.080858 0.0230874 
v 0.0901161 0.0801161 0.025 
v 0.0893159 0.0793159 0.026865 
v 0.0884589 0.0784589 0.0286788 
v 0.0875468 0.0775468 0.0304381 
v 0.0865812 0.0765812 0.0321394 
v 0.0855642 0.0755642 0.0337795 
v 0.0844975 0.0744975 0.0353553 
v 0.0833832 0.0733832 0.0368639 
v 0.0822234 0.0722234 0.0383022 
v 0.0810204 0.0710204 0.0396677 
v 0.0797765 0.0697765 0.0409576 
v 0.0784939 0.0684939 0.0421696 
v 0.0771751 0.0671751 0.0433013 
v 0.0758228 0.0658228 0.0443505 
v 0.0744393 0.0644393 0.0453154 
v 0.0730274 0.0630274 0.046194 
v 0.0715897 0.0615897 0.0469846 
v 0.070129 0.060129 0.0476858 
v 0.0686481 0.0586481 0.0482963 
v 0.0671498 0.0571498 0.0488148 
v 0.0656369 0.0556369 0.0492404 
v 0.0641123 0.0541123 0.0495722 
v 0.0625789 0.0525789 0.0498097 
v 0.0610397 0.0510397 0.0499524 
v 0.0594975 0.0494975 0.05 
v 0.0579553 0.0479553 0.0499524 
v 0.0564161 0.0464161 0.0498097 
v 0.0548827 0.0448827 0.0495722 
v 0.0533581 0.0433581 0.0492404 
v 0.0518452 0.0418452 0.0488148 
v 0.0503468 0.0403468 0.0482963 
v 0.0488659 0.0388659 0.0476858 
v 0.0474052 0.0374052 0.0469846 
v 0.0459676 0.0359676 0.046194 
v 0.0445557 0.0345557 0.0453154 
v 0.0431722 0.0331722 0.0443505 
v 0.0418198 0.0318198 0.0433013 
v 0.0405011 0.0305011 0.0421696 
v 0.0392185 0.0292185 0.0409576 
v 0.0379745 0.0279745 0.0396677 
v 0.0367715 0.0267715 0.0383022 
v 0.0356118 0.0256118 0.0368639 
v 0.0344975 0.0244975 0.0353553 
v 0.0334308 0.0234308 0.0337795 
v 0.0324137 0.0224137 0.0321394 
v 0.0314482 0.0214482 0.0304381 
v 0.0305361 0.0205361 0.0286788 
v 0.0296791 0.0196791 0.026865 
v 0.0288789 0.0188789 0.025 
v 0.0281369 0.0181369 0.0230874 
v 0.0274547 0.0174547 0.0211309 
v 0.0268334 0.0168334 0.0191342 
v 0.0262743 0.0162743 0.017101 
v 0.0257785 0.0157785 0.0150353 
v 0.0253468 0.0153468 0.012941 
v 0.0249802 0.0149802 0.010822 
v 0.0246793 0.0146793 0.00868241 
v 0.0244446 0.0144446 0.00652631 
v 0.0242767 0.0142767 0.00435779 
v 0.0241758 0.0141758 0.00218097 
v 0.0241421 0.0141421 1.39553e-17 
v 0.0241758 0.0141758 -0.00218097 
v 0.0242767 0.0142767 -0.00435779 
v 0.0244446 0.0144446 -0.00652631 
v 0.0246793 0.0146793 -0.00868241 
v 0.0249802 0.0149802 -0.010822 
v 0.0253468 0.0153468 -0.012941 
v 0.0257785 0.0157785 -0.0150353 
v 0.0262743 0.0162743 -0.017101 
v 0.0268334 0.0168334 -0.0191342 
v 0.0274547 0.0174547 -0.0211309 
v 0.0281369 0.0181369 -0.0230874 
v 0.0288789 0.0188789 -0.025 
v 0.0296791 0.0196791 -0.026865 
v 0.0305361 0.0205361 -0.0286788 
v 0.0314482 0.0214482 -0.0304381 
v 0.0324137 0.0224137 -0.0321394 
v 0.0334308 0.0234308 -0.0337795 
v 0.0344975 0.0244975 -0.0353553 
v 0.0356118 0.0256118 -0.0368639 
v 0.0367715 0.0267715 -0.0383022 
v 0.0379745 0.0279745 -0.0396677 
v 0.0392185 0.0292185 -0.0409576 
v 0.0405011 0.0305011 -0.0421696 
v 0.0418198 0.0318198 -0.0433013 
v 0.0431722 0.0331722 -0.0443505 
v 0.0445557 0.0345557 -0.0453154 
v 0.0459676 0.0359676 -0.046194 
v 0.0474052 0.0374052 -0.0469846 
v 0.0488659 0.0388659 -0.0476858 
v 0.0503468 0.0403468 -0.0482963 
v 0.0518452 0.0418452 -0.0488148 
v 0.0533581 0.0433581 -0.0492404 
v 0.0548827 0.0448827 -0.0495722 
v 0.0564161 0.0464161 -0.0498097 
v 0.0579553 0.0479553 -0.0499524 
v 0.0594975 0.0494975 -0.05 
v 0.0610397 0.0510397 -0.0499524 
v 0.0625789 0.0525789 -0.0498097 
v 0.0641123 0.0541123 -0.0495722 
v 0.0656369 0.0556369 -0.0492404 
v 0.0671498 0.0571498 -0.0488148 
v 0.0686481 0.0586481 -0.0482963 
v 0.070129 0.060129 -0.0476858 
v 0.0715897 0.0615897 -0.0469846 
v 0.0730274 0.0630274 -0.046194 
v 0.0744393 0.0644393 -0.0453154 
v 0.0758228 0.0658228 -0.0443505 
v 0.0771751 0.0671751 -0.0433013 
v 0.0784939 0.0684939 -0.0421696 
v 0.0797765 0.0697765 -0.0409576 
v 0.0810204 0.0710204 -0.0396677 
v 0.0822234 0.0722234 -0.0383022 
v 0.0833832 0.0733832 -0.0368639 
v 0.0844975 0.0744975 -0.0353553 
v 0.0855642 0.0755642 -0.0337795 
v 0.0865812 0.0765812 -0.0321394 
v 0.0875468 0.0775468 -0.0304381 
v 0.0884589 0.0784589 -0.0286788 
v 0.0893159 0.0793159 -0.026865 
v 0.0901161 0.0801161 -0.025 
v 0.090858 0.080858 -0.0230874 
v 0.0915403 0.0815403 -0.0211309 
v 0.0921615 0.0821615 -0.0191342 
v 0.0927206 0.0827206 -0.017101 
v 0.0932165 0.0832165 -0.0150353 
v 0.0936481 0.0836481 -0.012941 
v 0.0940148 0.0840148 -0.010822 
v 0.0943157 0.0843157 -0.00868241 
v 0.0945503 0.0845503 -0.00652631 
v 0.0947183 0.0847183 -0.00435779 
v 0.0948192 0.0848192 -0.00218097 
v 0.0948528 0.0848528 7.83211e-18 
v 0.0594975 0.0494975 -1.9082e-17 
v 0.10189 0.0777481 -0.00218097 
v 0.101924 0.0777817 -4.41436e-18 
v 0.101789 0.0776472 -0.00435779 
v 0.101621 0.0774793 -0.00652631 
v 0.101387 0.0772446 -0.00868241 
v 0.101086 0.0769437 -0.010822 
v 0.100719 0.076577 -0.012941 
v 0.100288 0.0761454 -0.0150353 
v 0.0997917 0.0756496 -0.017101 
v 0.0992326 0.0750905 -0.0191342 
v 0.0986114 0.0744692 -0.0211309 
v 0.0979291 0.073787 -0.0230874 
v 0.0971872 0.073045 -0.025 
v 0.0963869 0.0722448 -0.026865 
v 0.0955299 0.0713878 -0.0286788 
v 0.0946178 0.0704757 -0.0304381 
v 0.0936523 0.0695102 -0.0321394 
v 0.0926352 0.0684931 -0.0337795 
v 0.0915685 0.0674264 -0.0353553 
v 0.0904543 0.0663121 -0.0368639 
v 0.0892945 0.0651524 -0.0383022 
v 0.0880915 0.0639494 -0.0396677 
v 0.0868475 0.0627054 -0.0409576 
v 0.085565 0.0614228 -0.0421696 
v 0.0842462 0.0601041 -0.0433013 
v 0.0828938 0.0587517 -0.0443505 
v 0.0815104 0.0573682 -0.0453154 
v 0.0800984 0.0559563 -0.046194 
v 0.0786608 0.0545186 -0.0469846 
v 0.0772001 0.053058 -0.0476858 
v 0.0757192 0.051577 -0.0482963 
v 0.0742208 0.0500787 -0.0488148 
v 0.0727079 0.0485658 -0.0492404 
v 0.0711833 0.0470412 -0.0495722 
v 0.06965 0.0455078 -0.0498097 
v 0.0681107 0.0439686 -0.0499524 
v 0.0665685 0.0424264 -0.05 
v 0.0650264 0.0408842 -0.0499524 
v 0.0634871 0.039345 -0.0498097 
v 0.0619537 0.0378116 -0.0495722 
v 0.0604292 0.036287 -0.0492404 
v 0.0589162 0.0347741 -0.0488148 
v 0.0574179 0.0332758 -0.0482963 
v 0.055937 0.0317949 -0.0476858 
v 0.0544763 0.0303342 -0.0469846 
v 0.0530386 0.0288965 -0.046194 
v 0.0516267 0.0274846 -0.0453154 
v 0.0502433 0.0261011 -0.0443505 
v 0.0488909 0.0247487 -0.0433013 
v 0.0475721 0.02343 -0.0421696 
v 0.0462896 0.0221474 -0.0409576 
v 0.0450456 0.0209034 -0.0396677 
v 0.0438426 0.0197004 -0.0383022 
v 0.0426828 0.0185407 -0.0368639 
v 0.0415685 0.0174264 -0.0353553 
v 0.0405019 0.0163597 -0.0337795 
v 0.0394848 0.0153426 -0.0321394 
v 0.0385193 0.0143771 -0.0304381 
v 0.0376071 0.013465 -0.0286788 
v 0.0367502 0.012608 -0.026865 
v 0.0359499 0.0118078 -0.025 
v 0.035208 0.0110658 -0.0230874 
v 0.0345257 0.0103836 -0.0211309 
v 0.0339045 0.00976233 -0.0191342 
v 0.0333454 0.00920326 -0.017101 
v 0.0328496 0.00870742 -0.0150353 
v 0.0324179 0.00827577 -0.012941 
v 0.0320513 0.00790913 -0.010822 
v 0.0317503 0.00760819 -0.00868241 
v 0.0315157 0.00737354 -0.00652631 
v 0.0313477 0.00720561 -0.00435779 
v 0.0312469 0.00710472 -0.00218097 
v 0.0312132 0.00707107 1.39553e-17 
v 0.0312469 0.00710472 0.00218097 
v 0.0313477 0.00720561 0.00435779 
v 0.0315157 0.00737354 0.00652631 
v 0.0317503 0.00760819 0.00868241 
v 0.0320513 0.00790913 0.010822 
v 0.0324179 0.00827577 0.012941 
v 0.0328496 0.00870742 0.0150353 
v 0.0333454 0.00920326 0.017101 
v 0.0339045 0.00976233 0.0191342 
v 0.0345257 0.0103836 0.0211309 
v 0.035208 0.0110658 0.0230874 
v 0.0359499 0.0118078 0.025 
v 0.0367502 0.012608 0.026865 
v 0.0376071 0.013465 0.0286788 
v 0.0385193 0.0143771 0.0304381 
v 0.0394848 0.0153426 0.0321394 
v 0.0405019 0.0163597 0.0337795 
v 0.0415685 0.0174264 0.0353553 
v 0.0426828 0.0185407 0.0368639 
v 0.0438426 0.0197004 0.0383022 
v 0.0450456 0.0209034 0.0396677 
v 0.0462896 0.0221474 0.0409576 
v 0.0475721 0.02343 0.0421696 
v 0.0488909 0.0247487 0.0433013 
v 0.0502433 0.0261011 0.0443505 
v 0.0516267 0.0274846 0.0453154 
v 0.0530386 0.0288965 0.046194 
v 0.0544763 0.0303342 0.0469846 
v 0.055937 0.0317949 0.0476858 
v 0.0574179 0.0332758 0.0482963 
v 0.0589162 0.0347741 0.0488148 
v 0.0604292 0.036287 0.0492404 
v 0.0619537 0.0378116 0.0495722 
v 0.0634871 0.039345 0.0498097 
v 0.0650264 0.0408842 0.0499524 
v 0.0665685 0.0424264 0.05 
v 0.0681107 0.0439686 0.0499524 
v 0.06965 0.0455078 0.0498097 
v 0.0711833 0.0470412 0.0495722 
v 0.0727079 0.0485658 0.0492404 
v 0.0742208 0.0500787 0.0488148 
v 0.0757192 0.051577 0.0482963 
v 0.0772001 0.053058 0.0476858 
v 0.0786608 0.0545186 0.0469846 
v 0.0800984 0.0559563 0.046194 
v 0.0815104 0.0573682 0.0453154 
v 0.0828938 0.0587517 0.0443505 
v 0.0842462 0.0601041 0.0433013 
v 0.085565 0.0614228 0.0421696 
v 0.0868475 0.0627054 0.0409576 
v 0.0880915 0.0639494 0.0396677 
v 0.0892945 0.0651524 0.0383022 
v 0.0904543 0.0663121 0.0368639 
v 0.0915685 0.0674264 0.0353553 
v 0.0926352 0.0684931 0.0337795 
v 0.0936523 0.0695102 0.0321394 
v 0.0946178 0.0704757 0.0304381 
v 0.0955299 0.0713878 0.0286788 
v 0.0963869 0.0722448 0.026865 
v 0.0971872 0.073045 0.025 
v 0.0979291 0.073787 0.0230874 
v 0.0986114 0.0744692 0.0211309 
v 0.0992326 0.0750905 0.0191342 
v 0.0997917 0.0756496 0.017101 
v 0.100288 0.0761454 0.0150353 
v 0.100719 0.076577 0.012941 
v 0.101086 0.0769437 0.010822 
v 0.101387 0.0772446 0.00868241 
v 0.101621 0.0774793 0.00652631 
v 0.101789 0.0776472 0.00435779 
v 0.10189 0.0777481 0.00218097 
v 0.0170711 -0.00707107 0.07 
v 0.0170711 -0.00707107 -0.07 
v 0.116066 0.0919239 0.07 
v 0.116066 0.0919239 -0.07 
v 0.01 -6.09767e-19 0.07 
v 0.01 -6.09767e-19 -0.07 
v -0.01 -6.09767e-19 0.07 
v -0.01 -6.09767e-19 -0.07 
v 0.108995 0.0989949 -0.07 
v 0.108995 0.0989949 0.07 
v 0.108995 0.123995 -0.07 
v 0.108995 0.123995 0.07 
v -0.0170711 -0.00707107 0.07 
v -0.0170711 -0.00707107 -0.07 
v -0.108995 0.123995 0.07 
v -0.116066 0.0919239 0.07 
v -0.108995 0.0989949 0.07 
v -0.116066 0.0919239 -0.07 
v -0.108995 0.0989949 -0.07 
v -0.108995 0.123995 -0.07 
v -0.0650264 0.0408842 0.0499524 
v -0.0634871 0.039345 0.0498097 
v -0.0665685 0.0424264 0.05 
v -0.0619537 0.0378116 0.0495722 
v -0.0604292 0.036287 0.0492404 
v -0.0711833 0.0470412 0.0495722 
v -0.06965 0.0455078 0.0498097 
v -0.0328496 0.00870742 -0.0150353 
v -0.0333454 0.00920326 -0.017101 
v -0.0317503 0.00760819 -0.00868241 
v -0.0320513 0.00790913 -0.010822 
v -0.0681107 0.0439686 0.0499524 
v -0.100288 0.0761454 0.0150353 
v -0.0997917 0.0756496 0.017101 
v -0.0339045 0.00976233 -0.0191342 
v -0.0324179 0.00827577 -0.012941 
v -0.0367502 0.012608 0.026865 
v -0.0359499 0.0118078 0.025 
v -0.055937 0.0317949 0.0476858 
v -0.0544763 0.0303342 0.0469846 
v -0.0589162 0.0347741 0.0488148 
v -0.0727079 0.0485658 0.0492404 
v -0.0979291 0.073787 0.0230874 
v -0.0971872 0.073045 0.025 
v -0.0992326 0.0750905 0.0191342 
v -0.0786608 0.0545186 -0.0469846 
v -0.0800984 0.0559563 -0.046194 
v -0.0650264 0.0408842 -0.0499524 
v -0.0665685 0.0424264 -0.05 
v -0.0604292 0.036287 -0.0492404 
v -0.0619537 0.0378116 -0.0495722 
v -0.0488909 0.0247487 -0.0433013 
v -0.0502433 0.0261011 -0.0443505 
v -0.0313477 0.00720561 -0.00435779 
v -0.0315157 0.00737354 -0.00652631 
v -0.0312132 0.00707107 1.70887e-18 
v -0.0376071 0.013465 0.0286788 
v -0.0450456 0.0209034 0.0396677 
v -0.0438426 0.0197004 0.0383022 
v -0.0488909 0.0247487 0.0433013 
v -0.0475721 0.02343 0.0421696 
v -0.0530386 0.0288965 0.046194 
v -0.0516267 0.0274846 0.0453154 
v -0.0574179 0.0332758 0.0482963 
v -0.0757192 0.051577 0.0482963 
v -0.0742208 0.0500787 0.0488148 
v -0.0892945 0.0651524 0.0383022 
v -0.0880915 0.0639494 0.0396677 
v -0.0936523 0.0695102 0.0321394 
v -0.0926352 0.0684931 0.0337795 
v -0.0955299 0.0713878 0.0286788 
v -0.0946178 0.0704757 0.0304381 
v -0.0963869 0.0722448 0.026865 
v -0.0986114 0.0744692 0.0211309 
v -0.0963869 0.0722448 -0.026865 
v -0.0971872 0.073045 -0.025 
v -0.0946178 0.0704757 -0.0304381 
v -0.0955299 0.0713878 -0.0286788 
v -0.0772001 0.053058 -0.0476858 
v -0.0681107 0.0439686 -0.0499524 
v -0.0634871 0.039345 -0.0498097 
v -0.0589162 0.0347741 -0.0488148 
v -0.055937 0.0317949 -0.0476858 
v -0.0574179 0.0332758 -0.0482963 
v -0.0530386 0.0288965 -0.046194 
v -0.0544763 0.0303342 -0.0469846 
v -0.0475721 0.02343 -0.0421696 
v -0.0450456 0.0209034 -0.0396677 
v -0.0462896 0.0221474 -0.0409576 
v -0.0312469 0.00710472 -0.00218097 
v -0.0313477 0.00720561 0.00435779 
v -0.0312469 0.00710472 0.00218097 
v -0.0324179 0.00827577 0.012941 
v -0.0320513 0.00790913 0.010822 
v -0.035208 0.0110658 0.0230874 
v -0.0394848 0.0153426 0.0321394 
v -0.0385193 0.0143771 0.0304381 
v -0.0426828 0.0185407 0.0368639 
v -0.0415685 0.0174264 0.0353553 
v -0.0462896 0.0221474 0.0409576 
v -0.0502433 0.0261011 0.0443505 
v -0.0904543 0.0663121 0.0368639 
v -0.0915685 0.0674264 0.0353553 
v -0.100719 0.076577 0.012941 
v -0.101621 0.0774793 0.00652631 
v -0.101387 0.0772446 0.00868241 
v -0.0757192 0.051577 -0.0482963 
v -0.0727079 0.0485658 -0.0492404 
v -0.0742208 0.0500787 -0.0488148 
v -0.0516267 0.0274846 -0.0453154 
v -0.0345257 0.0103836 -0.0211309 
v -0.035208 0.0110658 -0.0230874 
v -0.0315157 0.00737354 0.00652631 
v -0.0317503 0.00760819 0.00868241 
v -0.0405019 0.0163597 0.0337795 
v -0.0800984 0.0559563 0.046194 
v -0.0786608 0.0545186 0.0469846 
v -0.0868475 0.0627054 0.0409576 
v -0.085565 0.0614228 0.0421696 
v -0.101086 0.0769437 0.010822 
v -0.0979291 0.073787 -0.0230874 
v -0.0986114 0.0744692 -0.0211309 
v -0.0936523 0.0695102 -0.0321394 
v -0.0815104 0.0573682 -0.0453154 
v -0.0828938 0.0587517 -0.0443505 
v -0.06965 0.0455078 -0.0498097 
v -0.0711833 0.0470412 -0.0495722 
v -0.0405019 0.0163597 -0.0337795 
v -0.0415685 0.0174264 -0.0353553 
v -0.0359499 0.0118078 -0.025 
v -0.0367502 0.012608 -0.026865 
v -0.0333454 0.00920326 0.017101 
v -0.0328496 0.00870742 0.0150353 
v -0.0345257 0.0103836 0.0211309 
v -0.0339045 0.00976233 0.0191342 
v -0.0772001 0.053058 0.0476858 
v -0.0828938 0.0587517 0.0443505 
v -0.0815104 0.0573682 0.0453154 
v -0.0842462 0.0601041 0.0433013 
v -0.101789 0.0776472 0.00435779 
v -0.101924 0.0777817 2.00786e-17 
v -0.0992326 0.0750905 -0.0191342 
v -0.0997917 0.0756496 -0.017101 
v -0.0915685 0.0674264 -0.0353553 
v -0.0926352 0.0684931 -0.0337795 
v -0.0892945 0.0651524 -0.0383022 
v -0.0904543 0.0663121 -0.0368639 
v -0.085565 0.0614228 -0.0421696 
v -0.0868475 0.0627054 -0.0409576 
v -0.0842462 0.0601041 -0.0433013 
v -0.0426828 0.0185407 -0.0368639 
v -0.0438426 0.0197004 -0.0383022 
v -0.0394848 0.0153426 -0.0321394 
v -0.0376071 0.013465 -0.0286788 
v -0.0385193 0.0143771 -0.0304381 
v -0.10189 0.0777481 0.00218097 
v -0.101789 0.0776472 -0.00435779 
v -0.10189 0.0777481 -0.00218097 
v -0.101387 0.0772446 -0.00868241 
v -0.101621 0.0774793 -0.00652631 
v -0.100719 0.076577 -0.012941 
v -0.101086 0.0769437 -0.010822 
v -0.100288 0.0761454 -0.0150353 
v -0.0880915 0.0639494 -0.0396677 
v -0.0948528 0.0848528 7.83211e-18 
v -0.0948192 0.0848192 0.00218097 
v -0.0947183 0.0847183 0.00435779 
v -0.0945503 0.0845503 0.00652631 
v -0.0943157 0.0843157 0.00868241 
v -0.0940148 0.0840148 0.010822 
v -0.0936481 0.0836481 0.012941 
v -0.0932165 0.0832165 0.0150353 
v -0.0927206 0.0827206 0.017101 
v -0.0921615 0.0821615 0.0191342 
v -0.0915403 0.0815403 0.0211309 
v -0.090858 0.080858 0.0230874 
v -0.0901161 0.0801161 0.025 
v -0.0893159 0.0793159 0.026865 
v -0.0884589 0.0784589 0.0286788 
v -0.0875468 0.0775468 0.0304381 
v -0.0865812 0.0765812 0.0321394 
v -0.0855642 0.0755642 0.0337795 
v -0.0844975 0.0744975 0.0353553 
v -0.0833832 0.0733832 0.0368639 
v -0.0822234 0.0722234 0.0383022 
v -0.0810204 0.0710204 0.0396677 
v -0.0797765 0.0697765 0.0409576 
v -0.0784939 0.0684939 0.0421696 
v -0.0771751 0.0671751 0.0433013 
v -0.0758228 0.0658228 0.0443505 
v -0.0744393 0.0644393 0.0453154 
v -0.0730274 0.0630274 0.046194 
v -0.0715897 0.0615897 0.0469846 
v -0.070129 0.060129 0.0476858 
v -0.0686481 0.0586481 0.0482963 
v -0.0671498 0.0571498 0.0488148 
v -0.0656369 0.0556369 0.0492404 
v -0.0641123 0.0541123 0.0495722 
v -0.0625789 0.0525789 0.0498097 
v -0.0610397 0.0510397 0.0499524 
v -0.0594975 0.0494975 0.05 
v -0.0579553 0.0479553 0.0499524 
v -0.0564161 0.0464161 0.0498097 
v -0.0548827 0.0448827 0.0495722 
v -0.0533581 0.0433581 0.0492404 
v -0.0518452 0.0418452 0.0488148 
v -0.0503468 0.0403468 0.0482963 
v -0.0488659 0.0388659 0.0476858 
v -0.0474052 0.0374052 0.0469846 
v -0.0459676 0.0359676 0.046194 
v -0.0445557 0.0345557 0.0453154 
v -0.0431722 0.0331722 0.0443505 
v -0.0418198 0.0318198 0.0433013 
v -0.0405011 0.0305011 0.0421696 
v -0.0392185 0.0292185 0.0409576 
v -0.0379745 0.0279745 0.0396677 
v -0.0367715 0.0267715 0.0383022 
v -0.0356118 0.0256118 0.0368639 
v -0.0344975 0.0244975 0.0353553 
v -0.0334308 0.0234308 0.0337795 
v -0.0324137 0.0224137 0.0321394 
v -0.0314482 0.0214482 0.0304381 
v -0.0305361 0.0205361 0.0286788 
v -0.0296791 0.0196791 0.026865 
v -0.0288789 0.0188789 0.025 
v -0.0281369 0.0181369 0.0230874 
v -0.0274547 0.0174547 0.0211309 
v -0.0268334 0.0168334 0.0191342 
v -0.0262743 0.0162743 0.017101 
v -0.0257785 0.0157785 0.0150353 
v -0.0253468 0.0153468 0.012941 
v -0.0249802 0.0149802 0.010822 
v -0.0246793 0.0146793 0.00868241 
v -0.0244446 0.0144446 0.00652631 
v -0.0242767 0.0142767 0.00435779 
v -0.0241758 0.0141758 0.00218097 
v -0.0241421 0.0141421 1.70887e-18 
v -0.0241758 0.0141758 -0.00218097 
v -0.0242767 0.0142767 -0.00435779 
v -0.0244446 0.0144446 -0.00652631 
v -0.0246793 0.0146793 -0.00868241 
v -0.0249802 0.0149802 -0.010822 
v -0.0253468 0.0153468 -0.012941 
v -0.0257785 0.0157785 -0.0150353 
v -0.0262743 0.0162743 -0.017101 
v -0.0268334 0.0168334 -0.0191342 
v -0.0274547 0.0174547 -0.0211309 
v -0.0281369 0.0181369 -0.0230874 
v -0.0288789 0.0188789 -0.025 
v -0.0296791 0.0196791 -0.026865 
v -0.0305361 0.0205361 -0.0286788 
v -0.0314482 0.0214482 -0.0304381 
v -0.0324137 0.0224137 -0.0321394 
v -0.0334308 0.0234308 -0.0337795 
v -0.0344975 0.0244975 -0.0353553 
v -0.0356118 0.0256118 -0.0368639 
v -0.0367715 0.0267715 -0.0383022 
v -0.0379745 0.0279745 -0.0396677 
v -0.0392185 0.0292185 -0.0409576 
v -0.0405011 0.0305011 -0.0421696 
v -0.0418198 0.0318198 -0.0433013 
v -0.0431722 0.0331722 -0.0443505 
v -0.0445557 0.0345557 -0.0453154 
v -0.0459676 0.0359676 -0.046194 
v -0.0474052 0.0374052 -0.0469846 
v -0.0488659 0.0388659 -0.0476858 
v -0.0503468 0.0403468 -0.0482963 
v -0.0518452 0.0418452 -0.0488148 
v -0.0533581 0.0433581 -0.0492404 
v -0.0548827 0.0448827 -0.0495722 
v -0.0564161 0.0464161 -0.0498097 
v -0.0579553 0.0479553 -0.0499524 
v -0.0594975 0.0494975 -0.05 
v -0.0610397 0.0510397 -0.0499524 
v -0.0625789 0.0525789 -0.0498097 
v -0.0641123 0.0541123 -0.0495722 
v -0.0656369 0.0556369 -0.0492404 
v -0.0671498 0.0571498 -0.0488148 
v -0.0686481 0.0586481 -0.0482963 
v -0.070129 0.060129 -0.0476858 
v -0.0715897 0.0615897 -0.0469846 
v -0.0730274 0.0630274 -0.046194 
v -0.0744393 0.0644393 -0.0453154 
v -0.0758228 0.0658228 -0.0443505 
v -0.0771751 0.0671751 -0.0433013 
v -0.0784939 0.0684939 -0.0421696 
v -0.0797765 0.0697765 -0.0409576 
v -0.0810204 0.0710204 -0.0396677 
v -0.0822234 0.0722234 -0.0383022 
v -0.0833832 0.0733832 -0.0368639 
v -0.0844975 0.0744975 -0.0353553 
v -0.0855642 0.0755642 -0.0337795 
v -0.0865812 0.0765812 -0.0321394 
v -0.0875468 0.0775468 -0.0304381 
v -0.0884589 0.0784589 -0.0286788 
v -0.0893159 0.0793159 -0.026865 
v -0.0901161 0.0801161 -0.025 
v -0.090858 0.080858 -0.0230874 
v -0.0915403 0.0815403 -0.0211309 
v -0.0921615 0.0821615 -0.0191342 
v -0.0927206 0.0827206 -0.017101 
v -0.0932165 0.0832165 -0.0150353 
v -0.0936481 0.0836481 -0.012941 
v -0.0940148 0.0840148 -0.010822 
v -0.0943157 0.0843157 -0.00868241 
v -0.0945503 0.0845503 -0.00652631 
v -0.0947183 0.0847183 -0.00435779 
v -0.0948192 0.0848192 -0.00218097 
v -0.0594975 0.0494975 -1.9082e-17 
v -0.0171402 0.123995 0.00326834 
v 0.0173183 0.123995 0.00489473 
v 0.0171402 0.123995 0.00326834 
v -0.0173183 0.123995 0.00489473 
v -0.0175672 0.123995 0.00651181 
v -0.0170332 0.123995 0.00163573 
v -0.0178864 0.123995 0.00811649 
v 0.0182753 0.123995 0.00970571 
v 0.0178864 0.123995 0.00811649 
v -0.0187331 0.123995 0.0112765 
v 0.0247467 0.123995 0.0228286 
v 0.0237793 0.123995 0.0215091 
v 0.0175672 0.123995 0.00651181 
v -0.0171402 0.123995 -0.00326834 
v -0.0170332 0.123995 -0.00163573 
v 0.0171402 0.123995 -0.00326834 
v -0.0182753 0.123995 0.00970571 
v 0.0173183 0.123995 -0.00489473 
v -0.0173183 0.123995 -0.00489473 
v -0.019259 0.123995 0.0128258 
v 0.0257708 0.123995 0.0241045 
v 0.0291628 0.123995 0.0276479 
v 0.027981 0.123995 0.0265165 
v 0.019259 0.123995 0.0128258 
v 0.0187331 0.123995 0.0112765 
v 0.0212346 0.123995 0.0173156 
v 0.0205109 0.123995 0.0158482 
v -0.0182753 0.123995 -0.00970571 
v 0.0182753 0.123995 -0.00970571 
v 0.0187331 0.123995 -0.0112765 
v 0.0175672 0.123995 -0.00651181 
v -0.0178864 0.123995 -0.00811649 
v -0.0175672 0.123995 -0.00651181 
v 0.0329884 0.123995 0.0307182 
v -0.0257708 0.123995 0.0241045 
v -0.0268496 0.123995 0.0253346 
v 0.0268496 0.123995 0.0253346 
v 0.0303929 0.123995 0.0287267 
v 0.019852 0.123995 0.0143506 
v 0.0228703 0.123995 0.0201487 
v 0.0220215 0.123995 0.01875 
v -0.0316689 0.123995 0.0297508 
v 0.0447918 0.123995 0.0362222 
v 0.0528617 0.123995 0.0374643 
v 0.0512291 0.123995 0.0373573 
v 0.0178864 0.123995 -0.00811649 
v 0.019259 0.123995 -0.0128258 
v -0.019259 0.123995 -0.0128258 
v -0.0187331 0.123995 -0.0112765 
v -0.0205109 0.123995 -0.0158482 
v -0.019852 0.123995 -0.0143506 
v -0.0247467 0.123995 0.0228286 
v 0.0316689 0.123995 0.0297508 
v 0.046381 0.123995 0.0366111 
v 0.0544975 0.123995 0.0375 
v -0.0220215 0.123995 -0.01875 
v 0.027981 0.123995 -0.0265165 
v 0.0291628 0.123995 -0.0276479 
v 0.0237793 0.123995 -0.0215091 
v 0.0247467 0.123995 -0.0228286 
v 0.0205109 0.123995 -0.0158482 
v 0.0212346 0.123995 -0.0173156 
v 0.019852 0.123995 -0.0143506 
v -0.0212346 0.123995 -0.0173156 
v 0.0798321 0.123995 -0.0276479 
v 0.081014 0.123995 -0.0265165 
v 0.0688481 0.123995 -0.0346455 
v 0.0703457 0.123995 -0.0339865 
v 0.0544975 0.123995 -0.0375 
v 0.0561332 0.123995 -0.0374643 
v 0.0512291 0.123995 -0.0373573 
v 0.0528617 0.123995 -0.0374643 
v 0.0479857 0.123995 -0.0369303 
v 0.0496027 0.123995 -0.0371792 
v 0.0447918 0.123995 -0.0362222 
v 0.046381 0.123995 -0.0366111 
v -0.0291628 0.123995 0.0276479 
v -0.0303929 0.123995 0.0287267 
v -0.0237793 0.123995 0.0215091 
v -0.0220215 0.123995 0.01875 
v -0.0228703 0.123995 0.0201487 
v -0.0205109 0.123995 0.0158482 
v -0.0212346 0.123995 0.0173156 
v -0.019852 0.123995 0.0143506 
v 0.0401468 0.123995 0.0346455 
v 0.0386493 0.123995 0.0339865 
v 0.043221 0.123995 0.0357644 
v 0.0416717 0.123995 0.0352385 
v 0.0479857 0.123995 0.0369303 
v 0.0496027 0.123995 0.0371792 
v 0.0329884 0.123995 -0.0307182 
v 0.0343487 0.123995 -0.0316272 
v 0.0303929 0.123995 -0.0287267 
v 0.0316689 0.123995 -0.0297508 
v 0.0268496 0.123995 -0.0253346 
v 0.0257708 0.123995 -0.0241045 
v 0.0220215 0.123995 -0.01875 
v 0.0228703 0.123995 -0.0201487 
v 0.0760066 0.123995 0.0307182 
v 0.0746462 0.123995 0.0316272 
v 0.0821454 0.123995 -0.0253346 
v 0.077326 0.123995 -0.0297508 
v 0.078602 0.123995 -0.0287267 
v 0.0746462 0.123995 -0.0316272 
v 0.0760066 0.123995 -0.0307182 
v 0.0673232 0.123995 -0.0352385 
v -0.0237793 0.123995 -0.0215091 
v 0.0416717 0.123995 -0.0352385 
v -0.027981 0.123995 0.0265165 
v 0.0357475 0.123995 0.032476 
v 0.0343487 0.123995 0.0316272 
v -0.0169975 0.123995 4.59243e-18 
v 0.0169975 0.123995 -4.59243e-18 
v 0.077326 0.123995 0.0297508 
v 0.0798321 0.123995 0.0276479 
v 0.078602 0.123995 0.0287267 
v -0.046381 0.123995 0.0366111 
v -0.0479857 0.123995 0.0369303 
v 0.0832241 0.123995 -0.0241045 
v 0.0657739 0.123995 -0.0357644 
v 0.0610093 0.123995 -0.0369303 
v 0.062614 0.123995 -0.0366111 
v 0.0577658 0.123995 -0.0373573 
v 0.0593922 0.123995 -0.0371792 
v 0.043221 0.123995 -0.0357644 
v 0.0386493 0.123995 -0.0339865 
v 0.0401468 0.123995 -0.0346455 
v 0.0357475 0.123995 -0.032476 
v 0.0371819 0.123995 -0.0332629 
v 0.0371819 0.123995 0.0332629 
v 0.0170332 0.123995 -0.00163573 
v 0.0170332 0.123995 0.00163573 
v -0.0577658 0.123995 -0.0373573 
v -0.0561332 0.123995 -0.0374643 
v -0.0610093 0.123995 -0.0369303 
v -0.0593922 0.123995 -0.0371792 
v 0.0610093 0.123995 0.0369303 
v 0.0593922 0.123995 0.0371792 
v 0.0861247 0.123995 0.0201487 
v 0.0852157 0.123995 0.0215091 
v 0.0916767 0.123995 -0.00489473 
v 0.0918548 0.123995 -0.00326834 
v 0.0911086 0.123995 -0.00811649 
v 0.0914278 0.123995 -0.00651181 
v 0.0897359 0.123995 -0.0128258 
v 0.0902619 0.123995 -0.0112765 
v -0.0496027 0.123995 0.0371792 
v 0.0852157 0.123995 -0.0215091 
v 0.0861247 0.123995 -0.0201487 
v 0.071813 0.123995 -0.0332629 
v 0.0732475 0.123995 -0.032476 
v 0.0642032 0.123995 -0.0362222 
v -0.0329884 0.123995 0.0307182 
v -0.0343487 0.123995 0.0316272 
v -0.0228703 0.123995 -0.0201487 
v -0.0642032 0.123995 -0.0362222 
v -0.062614 0.123995 -0.0366111 
v -0.0877604 0.123995 -0.0173156 
v -0.0869734 0.123995 -0.01875 
v 0.062614 0.123995 0.0366111 
v 0.0673232 0.123995 0.0352385 
v 0.0657739 0.123995 0.0357644 
v 0.0732475 0.123995 0.032476 
v 0.071813 0.123995 0.0332629 
v 0.081014 0.123995 0.0265165 
v 0.0832241 0.123995 0.0241045 
v 0.0821454 0.123995 0.0253346 
v 0.0869734 0.123995 0.01875 
v 0.088484 0.123995 0.0158482 
v 0.0877604 0.123995 0.0173156 
v 0.0907197 0.123995 0.00970571 
v 0.0902619 0.123995 0.0112765 
v 0.0916767 0.123995 0.00489473 
v 0.0914278 0.123995 0.00651181 
v 0.0919618 0.123995 0.00163573 
v 0.0918548 0.123995 0.00326834 
v 0.0919975 0.123995 4.59243e-18 
v 0.0907197 0.123995 -0.00970571 
v -0.0512291 0.123995 0.0373573 
v 0.0842482 0.123995 -0.0228286 
v -0.0303929 0.123995 -0.0287267 
v -0.0291628 0.123995 -0.0276479 
v -0.0343487 0.123995 -0.0316272 
v -0.0329884 0.123995 -0.0307182 
v -0.0544975 0.123995 -0.0375 
v -0.0528617 0.123995 -0.0374643 
v -0.0832241 0.123995 -0.0241045 
v -0.0821454 0.123995 -0.0253346 
v -0.088484 0.123995 -0.0158482 
v -0.0897359 0.123995 -0.0128258 
v -0.089143 0.123995 -0.0143506 
v -0.0916767 0.123995 0.00489473 
v -0.0918548 0.123995 0.00326834 
v -0.0911086 0.123995 0.00811649 
v -0.0914278 0.123995 0.00651181 
v 0.0577658 0.123995 0.0373573 
v 0.0561332 0.123995 0.0374643 
v 0.0642032 0.123995 0.0362222 
v 0.0688481 0.123995 0.0346455 
v 0.0703457 0.123995 0.0339865 
v 0.0897359 0.123995 0.0128258 
v 0.089143 0.123995 0.0143506 
v 0.0911086 0.123995 0.00811649 
v 0.0919618 0.123995 -0.00163573 
v 0.0869734 0.123995 -0.01875 
v 0.0877604 0.123995 -0.0173156 
v -0.0528617 0.123995 0.0374643 
v -0.0447918 0.123995 0.0362222 
v -0.0416717 0.123995 0.0352385 
v -0.043221 0.123995 0.0357644 
v -0.0257708 0.123995 -0.0241045 
v -0.0247467 0.123995 -0.0228286 
v -0.027981 0.123995 -0.0265165 
v -0.0316689 0.123995 -0.0297508 
v -0.0496027 0.123995 -0.0371792 
v -0.0673232 0.123995 -0.0352385 
v -0.0657739 0.123995 -0.0357644 
v -0.0703457 0.123995 -0.0339865 
v -0.0688481 0.123995 -0.0346455 
v -0.0732475 0.123995 -0.032476 
v -0.071813 0.123995 -0.0332629 
v -0.081014 0.123995 -0.0265165 
v -0.0798321 0.123995 -0.0276479 
v -0.0842482 0.123995 -0.0228286 
v -0.0861247 0.123995 -0.0201487 
v -0.0852157 0.123995 -0.0215091 
v -0.0907197 0.123995 -0.00970571 
v -0.0902619 0.123995 -0.0112765 
v -0.0916767 0.123995 -0.00489473 
v -0.0914278 0.123995 -0.00651181 
v -0.0919618 0.123995 -0.00163573 
v -0.0918548 0.123995 -0.00326834 
v -0.0919975 0.123995 -4.59243e-18 
v -0.0902619 0.123995 0.0112765 
v -0.0907197 0.123995 0.00970571 
v -0.078602 0.123995 0.0287267 
v -0.0798321 0.123995 0.0276479 
v -0.0760066 0.123995 0.0307182 
v -0.077326 0.123995 0.0297508 
v 0.0842482 0.123995 0.0228286 
v 0.088484 0.123995 -0.0158482 
v -0.0401468 0.123995 0.0346455 
v -0.0357475 0.123995 0.032476 
v -0.0371819 0.123995 0.0332629 
v -0.0268496 0.123995 -0.0253346 
v -0.0401468 0.123995 -0.0346455 
v -0.0386493 0.123995 -0.0339865 
v -0.0479857 0.123995 -0.0369303 
v -0.046381 0.123995 -0.0366111 
v -0.0512291 0.123995 -0.0373573 
v -0.0911086 0.123995 -0.00811649 
v -0.0919618 0.123995 0.00163573 
v -0.081014 0.123995 0.0265165 
v -0.0746462 0.123995 0.0316272 
v 0.089143 0.123995 -0.0143506 
v -0.0386493 0.123995 0.0339865 
v -0.0416717 0.123995 -0.0352385 
v -0.0447918 0.123995 -0.0362222 
v -0.043221 0.123995 -0.0357644 
v -0.078602 0.123995 -0.0287267 
v -0.077326 0.123995 -0.0297508 
v -0.0877604 0.123995 0.0173156 
v -0.088484 0.123995 0.0158482 
v -0.0821454 0.123995 0.0253346 
v -0.0832241 0.123995 0.0241045 
v -0.0577658 0.123995 0.0373573 
v -0.0593922 0.123995 0.0371792 
v -0.089143 0.123995 0.0143506 
v -0.0842482 0.123995 0.0228286 
v -0.0852157 0.123995 0.0215091 
v -0.0688481 0.123995 0.0346455 
v -0.0703457 0.123995 0.0339865 
v -0.062614 0.123995 0.0366111 
v -0.0642032 0.123995 0.0362222 
v -0.0561332 0.123995 0.0374643 
v -0.0760066 0.123995 -0.0307182 
v -0.0746462 0.123995 -0.0316272 
v -0.0897359 0.123995 0.0128258 
v -0.071813 0.123995 0.0332629 
v -0.0732475 0.123995 0.032476 
v -0.0673232 0.123995 0.0352385 
v -0.0610093 0.123995 0.0369303 
v -0.0544975 0.123995 0.0375 
v -0.0371819 0.123995 -0.0332629 
v -0.0357475 0.123995 -0.032476 
v -0.0861247 0.123995 0.0201487 
v -0.0869734 0.123995 0.01875 
v -0.0657739 0.123995 0.0357644 
v 0.0544975 0.113995 0.0375 
v 0.0528617 0.113995 0.0374643 
v 0.0512291 0.113995 0.0373573 
v 0.0496027 0.113995 0.0371792 
v 0.0479857 0.113995 0.0369303 
v 0.046381 0.113995 0.0366111 
v 0.0447918 0.113995 0.0362222 
v 0.043221 0.113995 0.0357644 
v 0.0416717 0.113995 0.0352385 
v 0.0401468 0.113995 0.0346455 
v 0.0386493 0.113995 0.0339865 
v 0.0371819 0.113995 0.0332629 
v 0.0357475 0.113995 0.032476 
v 0.0343487 0.113995 0.0316272 
v 0.0329884 0.113995 0.0307182 
v 0.0316689 0.113995 0.0297508 
v 0.0303929 0.113995 0.0287267 
v 0.0291628 0.113995 0.0276479 
v 0.027981 0.113995 0.0265165 
v 0.0268496 0.113995 0.0253346 
v 0.0257708 0.113995 0.0241045 
v 0.0247467 0.113995 0.0228286 
v 0.0237793 0.113995 0.0215091 
v 0.0228703 0.113995 0.0201487 
v 0.0220215 0.113995 0.01875 
v 0.0212346 0.113995 0.0173156 
v 0.0205109 0.113995 0.0158482 
v 0.019852 0.113995 0.0143506 
v 0.019259 0.113995 0.0128258 
v 0.0187331 0.113995 0.0112765 
v 0.0182753 0.113995 0.00970571 
v 0.0178864 0.113995 0.00811649 
v 0.0175672 0.113995 0.00651181 
v 0.0173183 0.113995 0.00489473 
v 0.0171402 0.113995 0.00326834 
v 0.0170332 0.113995 0.00163573 
v 0.0169975 0.113995 -4.59243e-18 
v 0.0170332 0.113995 -0.00163573 
v 0.0171402 0.113995 -0.00326834 
v 0.0173183 0.113995 -0.00489473 
v 0.0175672 0.113995 -0.00651181 
v 0.0178864 0.113995 -0.00811649 
v 0.0182753 0.113995 -0.00970571 
v 0.0187331 0.113995 -0.0112765 
v 0.019259 0.113995 -0.0128258 
v 0.019852 0.113995 -0.0143506 
v 0.0205109 0.113995 -0.0158482 
v 0.0212346 0.113995 -0.0173156 
v 0.0220215 0.113995 -0.01875 
v 0.0228703 0.113995 -0.0201487 
v 0.0237793 0.113995 -0.0215091 
v 0.0247467 0.113995 -0.0228286 
v 0.0257708 0.113995 -0.0241045 
v 0.0268496 0.113995 -0.0253346 
v 0.027981 0.113995 -0.0265165 
v 0.0291628 0.113995 -0.0276479 
v 0.0303929 0.113995 -0.0287267 
v 0.0316689 0.113995 -0.0297508 
v 0.0329884 0.113995 -0.0307182 
v 0.0343487 0.113995 -0.0316272 
v 0.0357475 0.113995 -0.032476 
v 0.0371819 0.113995 -0.0332629 
v 0.0386493 0.113995 -0.0339865 
v 0.0401468 0.113995 -0.0346455 
v 0.0416717 0.113995 -0.0352385 
v 0.043221 0.113995 -0.0357644 
v 0.0447918 0.113995 -0.0362222 
v 0.046381 0.113995 -0.0366111 
v 0.0479857 0.113995 -0.0369303 
v 0.0496027 0.113995 -0.0371792 
v 0.0512291 0.113995 -0.0373573 
v 0.0528617 0.113995 -0.0374643 
v 0.0544975 0.113995 -0.0375 
v 0.0561332 0.113995 -0.0374643 
v 0.0577658 0.113995 -0.0373573 
v 0.0593922 0.113995 -0.0371792 
v 0.0610093 0.113995 -0.0369303 
v 0.062614 0.113995 -0.0366111 
v 0.0642032 0.113995 -0.0362222 
v 0.0657739 0.113995 -0.0357644 
v 0.0673232 0.113995 -0.0352385 
v 0.0688481 0.113995 -0.0346455 
v 0.0703457 0.113995 -0.0339865 
v 0.071813 0.113995 -0.0332629 
v 0.0732475 0.113995 -0.032476 
v 0.0746462 0.113995 -0.0316272 
v 0.0760066 0.113995 -0.0307182 
v 0.077326 0.113995 -0.0297508 
v 0.078602 0.113995 -0.0287267 
v 0.0798321 0.113995 -0.0276479 
v 0.081014 0.113995 -0.0265165 
v 0.0821454 0.113995 -0.0253346 
v 0.0832241 0.113995 -0.0241045 
v 0.0842482 0.113995 -0.0228286 
v 0.0852157 0.113995 -0.0215091 
v 0.0861247 0.113995 -0.0201487 
v 0.0869734 0.113995 -0.01875 
v 0.0877604 0.113995 -0.0173156 
v 0.088484 0.113995 -0.0158482 
v 0.089143 0.113995 -0.0143506 
v 0.0897359 0.113995 -0.0128258 
v 0.0902619 0.113995 -0.0112765 
v 0.0907197 0.113995 -0.00970571 
v 0.0911086 0.113995 -0.00811649 
v 0.0914278 0.113995 -0.00651181 
v 0.0916767 0.113995 -0.00489473 
v 0.0918548 0.113995 -0.00326834 
v 0.0919618 0.113995 -0.00163573 
v 0.0919975 0.113995 4.59243e-18 
v 0.0919618 0.113995 0.00163573 
v 0.0918548 0.113995 0.00326834 
v 0.0916767 0.113995 0.00489473 
v 0.0914278 0.113995 0.00651181 
v 0.0911086 0.113995 0.00811649 
v 0.0907197 0.113995 0.00970571 
v 0.0902619 0.113995 0.0112765 
v 0.0897359 0.113995 0.0128258 
v 0.089143 0.113995 0.0143506 
v 0.088484 0.113995 0.0158482 
v 0.0877604 0.113995 0.0173156 
v 0.0869734 0.113995 0.01875 
v 0.0861247 0.113995 0.0201487 
v 0.0852157 0.113995 0.0215091 
v 0.0842482 0.113995 0.0228286 
v 0.0832241 0.113995 0.0241045 
v 0.0821454 0.113995 0.0253346 
v 0.081014 0.113995 0.0265165 
v 0.0798321 0.113995 0.0276479 
v 0.078602 0.113995 0.0287267 
v 0.077326 0.113995 0.0297508 
v 0.0760066 0.113995 0.0307182 
v 0.0746462 0.113995 0.0316272 
v 0.0732475 0.113995 0.032476 
v 0.071813 0.113995 0.0332629 
v 0.0703457 0.113995 0.0339865 
v 0.0688481 0.113995 0.0346455 
v 0.0673232 0.113995 0.0352385 
v 0.0657739 0.113995 0.0357644 
v 0.0642032 0.113995 0.0362222 
v 0.062614 0.113995 0.0366111 
v 0.0610093 0.113995 0.0369303 
v 0.0593922 0.113995 0.0371792 
v 0.0577658 0.113995 0.0373573 
v 0.0561332 0.113995 0.0374643 
v 0.0544975 0.113995 3.46945e-18 
v -0.0544975 0.113995 0.0375 
v -0.0561332 0.113995 0.0374643 
v -0.0577658 0.113995 0.0373573 
v -0.0593922 0.113995 0.0371792 
v -0.0610093 0.113995 0.0369303 
v -0.062614 0.113995 0.0366111 
v -0.0642032 0.113995 0.0362222 
v -0.0657739 0.113995 0.0357644 
v -0.0673232 0.113995 0.0352385 
v -0.0688481 0.113995 0.0346455 
v -0.0703457 0.113995 0.0339865 
v -0.071813 0.113995 0.0332629 
v -0.0732475 0.113995 0.032476 
v -0.0746462 0.113995 0.0316272 
v -0.0760066 0.113995 0.0307182 
v -0.077326 0.113995 0.0297508 
v -0.078602 0.113995 0.0287267 
v -0.0798321 0.113995 0.0276479 
v -0.081014 0.113995 0.0265165 
v -0.0821454 0.113995 0.0253346 
v -0.0832241 0.113995 0.0241045 
v -0.0842482 0.113995 0.0228286 
v -0.0852157 0.113995 0.0215091 
v -0.0861247 0.113995 0.0201487 
v -0.0869734 0.113995 0.01875 
v -0.0877604 0.113995 0.0173156 
v -0.088484 0.113995 0.0158482 
v -0.089143 0.113995 0.0143506 
v -0.0897359 0.113995 0.0128258 
v -0.0902619 0.113995 0.0112765 
v -0.0907197 0.113995 0.00970571 
v -0.0911086 0.113995 0.00811649 
v -0.0914278 0.113995 0.00651181 
v -0.0916767 0.113995 0.00489473 
v -0.0918548 0.113995 0.00326834 
v -0.0919618 0.113995 0.00163573 
v -0.0919975 0.113995 -4.59243e-18 
v -0.0919618 0.113995 -0.00163573 
v -0.0918548 0.113995 -0.00326834 
v -0.0916767 0.113995 -0.00489473 
v -0.0914278 0.113995 -0.00651181 
v -0.0911086 0.113995 -0.00811649 
v -0.0907197 0.113995 -0.00970571 
v -0.0902619 0.113995 -0.0112765 
v -0.0897359 0.113995 -0.0128258 
v -0.089143 0.113995 -0.0143506 
v -0.088484 0.113995 -0.0158482 
v -0.0877604 0.113995 -0.0173156 
v -0.0869734 0.113995 -0.01875 
v -0.0861247 0.113995 -0.0201487 
v -0.0852157 0.113995 -0.0215091 
v -0.0842482 0.113995 -0.0228286 
v -0.0832241 0.113995 -0.0241045 
v -0.0821454 0.113995 -0.0253346 
v -0.081014 0.113995 -0.0265165 
v -0.0798321 0.113995 -0.0276479 
v -0.078602 0.113995 -0.0287267 
v -0.077326 0.113995 -0.0297508 
v -0.0760066 0.113995 -0.0307182 
v -0.0746462 0.113995 -0.0316272 
v -0.0732475 0.113995 -0.032476 
v -0.071813 0.113995 -0.0332629 
v -0.0703457 0.113995 -0.0339865 
v -0.0688481 0.113995 -0.0346455 
v -0.0673232 0.113995 -0.0352385 
v -0.0657739 0.113995 -0.0357644 
v -0.0642032 0.113995 -0.0362222 
v -0.062614 0.113995 -0.0366111 
v -0.0610093 0.113995 -0.0369303 
v -0.0593922 0.113995 -0.0371792 
v -0.0577658 0.113995 -0.0373573 
v -0.0561332 0.113995 -0.0374643 
v -0.0544975 0.113995 -0.0375 
v -0.0528617 0.113995 -0.0374643 
v -0.0512291 0.113995 -0.0373573 
v -0.0496027 0.113995 -0.0371792 
v -0.0479857 0.113995 -0.0369303 
v -0.046381 0.113995 -0.0366111 
v -0.0447918 0.113995 -0.0362222 
v -0.043221 0.113995 -0.0357644 
v -0.0416717 0.113995 -0.0352385 
v -0.0401468 0.113995 -0.0346455 
v -0.0386493 0.113995 -0.0339865 
v -0.0371819 0.113995 -0.0332629 
v -0.0357475 0.113995 -0.032476 
v -0.0343487 0.113995 -0.0316272 
v -0.0329884 0.113995 -0.0307182 
v -0.0316689 0.113995 -0.0297508 
v -0.0303929 0.113995 -0.0287267 
v -0.0291628 0.113995 -0.0276479 
v -0.027981 0.113995 -0.0265165 
v -0.0268496 0.113995 -0.0253346 
v -0.0257708 0.113995 -0.0241045 
v -0.0247467 0.113995 -0.0228286 
v -0.0237793 0.113995 -0.0215091 
v -0.0228703 0.113995 -0.0201487 
v -0.0220215 0.113995 -0.01875 
v -0.0212346 0.113995 -0.0173156 
v -0.0205109 0.113995 -0.0158482 
v -0.019852 0.113995 -0.0143506 
v -0.019259 0.113995 -0.0128258 
v -0.0187331 0.113995 -0.0112765 
v -0.0182753 0.113995 -0.00970571 
v -0.0178864 0.113995 -0.00811649 
v -0.0175672 0.113995 -0.00651181 
v -0.0173183 0.113995 -0.00489473 
v -0.0171402 0.113995 -0.00326834 
v -0.0170332 0.113995 -0.00163573 
v -0.0169975 0.113995 4.59243e-18 
v -0.0170332 0.113995 0.00163573 
v -0.0171402 0.113995 0.00326834 
v -0.0173183 0.113995 0.00489473 
v -0.0175672 0.113995 0.00651181 
v -0.0178864 0.113995 0.00811649 
v -0.0182753 0.113995 0.00970571 
v -0.0187331 0.113995 0.0112765 
v -0.019259 0.113995 0.0128258 
v -0.019852 0.113995 0.0143506 
v -0.0205109 0.113995 0.0158482 
v -0.0212346 0.113995 0.0173156 
v -0.0220215 0.113995 0.01875 
v -0.0228703 0.113995 0.0201487 
v -0.0237793 0.113995 0.0215091 
v -0.0247467 0.113995 0.0228286 
v -0.0257708 0.113995 0.0241045 
v -0.0268496 0.113995 0.0253346 
v -0.027981 0.113995 0.0265165 
v -0.0291628 0.113995 0.0276479 
v -0.0303929 0.113995 0.0287267 
v -0.0316689 0.113995 0.0297508 
v -0.0329884 0.113995 0.0307182 
v -0.0343487 0.113995 0.0316272 
v -0.0357475 0.113995 0.032476 
v -0.0371819 0.113995 0.0332629 
v -0.0386493 0.113995 0.0339865 
v -0.0401468 0.113995 0.0346455 
v -0.0416717 0.113995 0.0352385 
v -0.043221 0.113995 0.0357644 
v -0.0447918 0.113995 0.0362222 
v -0.046381 0.113995 0.0366111 
v -0.0479857 0.113995 0.0369303 
v -0.0496027 0.113995 0.0371792 
v -0.0512291 0.113995 0.0373573 
v -0.0528617 0.113995 0.0374643 
v -0.0544975 0.113995 3.46945e-18 
vn 0.707107 -0.707107 0 
vn -0.706434 -0.706434 0.0436194 
vn -0.707107 -0.707107 2.44929e-16 
vn -0.704416 -0.704416 0.0871557 
vn -0.706434 -0.706434 0.0436194 
vn -0.701057 -0.701057 0.130526 
vn -0.704416 -0.704416 0.0871557 
vn -0.696364 -0.696364 0.173648 
vn -0.701057 -0.701057 0.130526 
vn -0.690346 -0.690346 0.21644 
vn -0.696364 -0.696364 0.173648 
vn -0.683013 -0.683013 0.258819 
vn -0.690346 -0.690346 0.21644 
vn -0.67438 -0.67438 0.300706 
vn -0.683013 -0.683013 0.258819 
vn -0.664463 -0.664463 0.34202 
vn -0.67438 -0.67438 0.300706 
vn -0.653281 -0.653281 0.382683 
vn -0.664463 -0.664463 0.34202 
vn -0.640856 -0.640856 0.422618 
vn -0.653281 -0.653281 0.382683 
vn -0.627211 -0.627211 0.461749 
vn -0.640856 -0.640856 0.422618 
vn -0.612372 -0.612372 0.5 
vn -0.627211 -0.627211 0.461749 
vn -0.596368 -0.596368 0.5373 
vn -0.612372 -0.612372 0.5 
vn -0.579228 -0.579228 0.573576 
vn -0.596368 -0.596368 0.5373 
vn -0.560986 -0.560986 0.608761 
vn -0.579228 -0.579228 0.573576 
vn -0.541675 -0.541675 0.642788 
vn -0.560986 -0.560986 0.608761 
vn -0.521334 -0.521334 0.67559 
vn -0.541675 -0.541675 0.642788 
vn -0.5 -0.5 0.707107 
vn -0.521334 -0.521334 0.67559 
vn -0.477714 -0.477714 0.737277 
vn -0.5 -0.5 0.707107 
vn -0.454519 -0.454519 0.766044 
vn -0.477714 -0.477714 0.737277 
vn -0.430459 -0.430459 0.793353 
vn -0.454519 -0.454519 0.766044 
vn -0.40558 -0.40558 0.819152 
vn -0.430459 -0.430459 0.793353 
vn -0.379928 -0.379928 0.843391 
vn -0.40558 -0.40558 0.819152 
vn -0.353553 -0.353553 0.866025 
vn -0.379928 -0.379928 0.843391 
vn -0.326506 -0.326506 0.887011 
vn -0.353553 -0.353553 0.866025 
vn -0.298836 -0.298836 0.906308 
vn -0.326506 -0.326506 0.887011 
vn -0.270598 -0.270598 0.92388 
vn -0.298836 -0.298836 0.906308 
vn -0.241845 -0.241845 0.939693 
vn -0.270598 -0.270598 0.92388 
vn -0.212631 -0.212631 0.953717 
vn -0.241845 -0.241845 0.939693 
vn -0.183013 -0.183013 0.965926 
vn -0.212631 -0.212631 0.953717 
vn -0.153046 -0.153046 0.976296 
vn -0.183013 -0.183013 0.965926 
vn -0.122788 -0.122788 0.984808 
vn -0.153046 -0.153046 0.976296 
vn -0.092296 -0.092296 0.991445 
vn -0.122788 -0.122788 0.984808 
vn -0.0616284 -0.0616284 0.996195 
vn -0.092296 -0.092296 0.991445 
vn -0.0308436 -0.0308436 0.999048 
vn -0.0616284 -0.0616284 0.996195 
vn 1.29893e-16 1.29893e-16 1 
vn -0.0308436 -0.0308436 0.999048 
vn 0.0308436 0.0308436 0.999048 
vn 1.29893e-16 1.29893e-16 1 
vn 0.0616284 0.0616284 0.996195 
vn 0.0308436 0.0308436 0.999048 
vn 0.092296 0.092296 0.991445 
vn 0.0616284 0.0616284 0.996195 
vn 0.122788 0.122788 0.984808 
vn 0.092296 0.092296 0.991445 
vn 0.153046 0.153046 0.976296 
vn 0.122788 0.122788 0.984808 
vn 0.183013 0.183013 0.965926 
vn 0.153046 0.153046 0.976296 
vn 0.212631 0.212631 0.953717 
vn 0.183013 0.183013 0.965926 
vn 0.241845 0.241845 0.939693 
vn 0.212631 0.212631 0.953717 
vn 0.270598 0.270598 0.92388 
vn 0.241845 0.241845 0.939693 
vn 0.298836 0.298836 0.906308 
vn 0.270598 0.270598 0.92388 
vn 0.326506 0.326506 0.887011 
vn 0.298836 0.298836 0.906308 
vn 0.353553 0.353553 0.866025 
vn 0.326506 0.326506 0.887011 
vn 0.379928 0.379928 0.843391 
vn 0.353553 0.353553 0.866025 
vn 0.40558 0.40558 0.819152 
vn 0.379928 0.379928 0.843391 
vn 0.430459 0.430459 0.793353 
vn 0.40558 0.40558 0.819152 
vn 0.454519 0.454519 0.766044 
vn 0.430459 0.430459 0.793353 
vn 0.477714 0.477714 0.737277 
vn 0.454519 0.454519 0.766044 
vn 0.5 0.5 0.707107 
vn 0.477714 0.477714 0.737277 
vn 0.521334 0.521334 0.67559 
vn 0.5 0.5 0.707107 
vn 0.541675 0.541675 0.642788 
vn 0.521334 0.521334 0.67559 
vn 0.560986 0.560986 0.608761 
vn 0.541675 0.541675 0.642788 
vn 0.579228 0.579228 0.573576 
vn 0.560986 0.560986 0.608761 
vn 0.596368 0.596368 0.5373 
vn 0.579228 0.579228 0.573576 
vn 0.612372 0.612372 0.5 
vn 0.596368 0.596368 0.5373 
vn 0.627211 0.627211 0.461749 
vn 0.612372 0.612372 0.5 
vn 0.640856 0.640856 0.422618 
vn 0.627211 0.627211 0.461749 
vn 0.653281 0.653281 0.382683 
vn 0.640856 0.640856 0.422618 
vn 0.664463 0.664463 0.34202 
vn 0.653281 0.653281 0.382683 
vn 0.67438 0.67438 0.300706 
vn 0.664463 0.664463 0.34202 
vn 0.683013 0.683013 0.258819 
vn 0.67438 0.67438 0.300706 
vn 0.690346 0.690346 0.21644 
vn 0.683013 0.683013 0.258819 
vn 0.696364 0.696364 0.173648 
vn 0.690346 0.690346 0.21644 
vn 0.701057 0.701057 0.130526 
vn 0.696364 0.696364 0.173648 
vn 0.704416 0.704416 0.0871557 
vn 0.701057 0.701057 0.130526 
vn 0.706434 0.706434 0.0436194 
vn 0.704416 0.704416 0.0871557 
vn 0.707107 0.707107 -1.22465e-16 
vn 0.706434 0.706434 0.0436194 
vn 0.706434 0.706434 -0.0436194 
vn 0.707107 0.707107 -1.22465e-16 
vn 0.704416 0.704416 -0.0871557 
vn 0.706434 0.706434 -0.0436194 
vn 0.701057 0.701057 -0.130526 
vn 0.704416 0.704416 -0.0871557 
vn 0.696364 0.696364 -0.173648 
vn 0.701057 0.701057 -0.130526 
vn 0.690346 0.690346 -0.21644 
vn 0.696364 0.696364 -0.173648 
vn 0.683013 0.683013 -0.258819 
vn 0.690346 0.690346 -0.21644 
vn 0.67438 0.67438 -0.300706 
vn 0.683013 0.683013 -0.258819 
vn 0.664463 0.664463 -0.34202 
vn 0.67438 0.67438 -0.300706 
vn 0.653281 0.653281 -0.382683 
vn 0.664463 0.664463 -0.34202 
vn 0.640856 0.640856 -0.422618 
vn 0.653281 0.653281 -0.382683 
vn 0.627211 0.627211 -0.461749 
vn 0.640856 0.640856 -0.422618 
vn 0.612372 0.612372 -0.5 
vn 0.627211 0.627211 -0.461749 
vn 0.596368 0.596368 -0.5373 
vn 0.612372 0.612372 -0.5 
vn 0.579228 0.579228 -0.573576 
vn 0.596368 0.596368 -0.5373 
vn 0.560986 0.560986 -0.608761 
vn 0.579228 0.579228 -0.573576 
vn 0.541675 0.541675 -0.642788 
vn 0.560986 0.560986 -0.608761 
vn 0.521334 0.521334 -0.67559 
vn 0.541675 0.541675 -0.642788 
vn 0.5 0.5 -0.707107 
vn 0.521334 0.521334 -0.67559 
vn 0.477714 0.477714 -0.737277 
vn 0.5 0.5 -0.707107 
vn 0.454519 0.454519 -0.766044 
vn 0.477714 0.477714 -0.737277 
vn 0.430459 0.430459 -0.793353 
vn 0.454519 0.454519 -0.766044 
vn 0.40558 0.40558 -0.819152 
vn 0.430459 0.430459 -0.793353 
vn 0.379928 0.379928 -0.843391 
vn 0.40558 0.40558 -0.819152 
vn 0.353553 0.353553 -0.866025 
vn 0.379928 0.379928 -0.843391 
vn 0.326506 0.326506 -0.887011 
vn 0.353553 0.353553 -0.866025 
vn 0.298836 0.298836 -0.906308 
vn 0.326506 0.326506 -0.887011 
vn 0.270598 0.270598 -0.92388 
vn 0.298836 0.298836 -0.906308 
vn 0.241845 0.241845 -0.939693 
vn 0.270598 0.270598 -0.92388 
vn 0.212631 0.212631 -0.953717 
vn 0.241845 0.241845 -0.939693 
vn 0.183013 0.183013 -0.965926 
vn 0.212631 0.212631 -0.953717 
vn 0.153046 0.153046 -0.976296 
vn 0.183013 0.183013 -0.965926 
vn 0.122788 0.122788 -0.984808 
vn 0.153046 0.153046 -0.976296 
vn 0.092296 0.092296 -0.991445 
vn 0.122788 0.122788 -0.984808 
vn 0.0616284 0.0616284 -0.996195 
vn 0.092296 0.092296 -0.991445 
vn 0.0308436 0.0308436 -0.999048 
vn 0.0616284 0.0616284 -0.996195 
vn -4.32978e-17 -4.32978e-17 -1 
vn 0.0308436 0.0308436 -0.999048 
vn -0.0308436 -0.0308436 -0.999048 
vn -4.32978e-17 -4.32978e-17 -1 
vn -0.0616284 -0.0616284 -0.996195 
vn -0.0308436 -0.0308436 -0.999048 
vn -0.092296 -0.092296 -0.991445 
vn -0.0616284 -0.0616284 -0.996195 
vn -0.122788 -0.122788 -0.984808 
vn -0.092296 -0.092296 -0.991445 
vn -0.153046 -0.153046 -0.976296 
vn -0.122788 -0.122788 -0.984808 
vn -0.183013 -0.183013 -0.965926 
vn -0.153046 -0.153046 -0.976296 
vn -0.212631 -0.212631 -0.953717 
vn -0.183013 -0.183013 -0.965926 
vn -0.241845 -0.241845 -0.939693 
vn -0.212631 -0.212631 -0.953717 
vn -0.270598 -0.270598 -0.92388 
vn -0.241845 -0.241845 -0.939693 
vn -0.298836 -0.298836 -0.906308 
vn -0.270598 -0.270598 -0.92388 
vn -0.326506 -0.326506 -0.887011 
vn -0.298836 -0.298836 -0.906308 
vn -0.353553 -0.353553 -0.866025 
vn -0.326506 -0.326506 -0.887011 
vn -0.379928 -0.379928 -0.843391 
vn -0.353553 -0.353553 -0.866025 
vn -0.40558 -0.40558 -0.819152 
vn -0.379928 -0.379928 -0.843391 
vn -0.430459 -0.430459 -0.793353 
vn -0.40558 -0.40558 -0.819152 
vn -0.454519 -0.454519 -0.766044 
vn -0.430459 -0.430459 -0.793353 
vn -0.477714 -0.477714 -0.737277 
vn -0.454519 -0.454519 -0.766044 
vn -0.5 -0.5 -0.707107 
vn -0.477714 -0.477714 -0.737277 
vn -0.521334 -0.521334 -0.67559 
vn -0.5 -0.5 -0.707107 
vn -0.541675 -0.541675 -0.642788 
vn -0.521334 -0.521334 -0.67559 
vn -0.560986 -0.560986 -0.608761 
vn -0.541675 -0.541675 -0.642788 
vn -0.579228 -0.579228 -0.573576 
vn -0.560986 -0.560986 -0.608761 
vn -0.596368 -0.596368 -0.5373 
vn -0.579228 -0.579228 -0.573576 
vn -0.612372 -0.612372 -0.5 
vn -0.596368 -0.596368 -0.5373 
vn -0.627211 -0.627211 -0.461749 
vn -0.612372 -0.612372 -0.5 
vn -0.640856 -0.640856 -0.422618 
vn -0.627211 -0.627211 -0.461749 
vn -0.653281 -0.653281 -0.382683 
vn -0.640856 -0.640856 -0.422618 
vn -0.664463 -0.664463 -0.34202 
vn -0.653281 -0.653281 -0.382683 
vn -0.67438 -0.67438 -0.300706 
vn -0.664463 -0.664463 -0.34202 
vn -0.683013 -0.683013 -0.258819 
vn -0.67438 -0.67438 -0.300706 
vn -0.690346 -0.690346 -0.21644 
vn -0.683013 -0.683013 -0.258819 
vn -0.696364 -0.696364 -0.173648 
vn -0.690346 -0.690346 -0.21644 
vn -0.701057 -0.701057 -0.130526 
vn -0.696364 -0.696364 -0.173648 
vn -0.704416 -0.704416 -0.0871557 
vn -0.701057 -0.701057 -0.130526 
vn -0.706434 -0.706434 -0.0436194 
vn -0.704416 -0.704416 -0.0871557 
vn 0.707107 -0.707107 0 
vn -0.707107 -0.707107 0 
vn 1.22465e-16 -1 0 
vn 0.707107 0.707107 0 
vn 1 0 0 
vn 0.707107 -0.707107 0 
vn 0 0 1 
vn 0 0 -1 
vn -0.707107 0.707107 0 
vn -1 0 0 
vn -0.707107 -0.707107 0 
vn 0.706434 -0.706434 -0.0436194 
vn 0.707107 -0.707107 -2.44929e-16 
vn 0.704416 -0.704416 -0.0871557 
vn 0.706434 -0.706434 -0.0436194 
vn 0.701057 -0.701057 -0.130526 
vn 0.704416 -0.704416 -0.0871557 
vn 0.696364 -0.696364 -0.173648 
vn 0.701057 -0.701057 -0.130526 
vn 0.690346 -0.690346 -0.21644 
vn 0.696364 -0.696364 -0.173648 
vn 0.683013 -0.683013 -0.258819 
vn 0.690346 -0.690346 -0.21644 
vn 0.67438 -0.67438 -0.300706 
vn 0.683013 -0.683013 -0.258819 
vn 0.664463 -0.664463 -0.34202 
vn 0.67438 -0.67438 -0.300706 
vn 0.653281 -0.653281 -0.382683 
vn 0.664463 -0.664463 -0.34202 
vn 0.640856 -0.640856 -0.422618 
vn 0.653281 -0.653281 -0.382683 
vn 0.627211 -0.627211 -0.461749 
vn 0.640856 -0.640856 -0.422618 
vn 0.612372 -0.612372 -0.5 
vn 0.627211 -0.627211 -0.461749 
vn 0.596368 -0.596368 -0.5373 
vn 0.612372 -0.612372 -0.5 
vn 0.579228 -0.579228 -0.573576 
vn 0.596368 -0.596368 -0.5373 
vn 0.560986 -0.560986 -0.608761 
vn 0.579228 -0.579228 -0.573576 
vn 0.541675 -0.541675 -0.642788 
vn 0.560986 -0.560986 -0.608761 
vn 0.521334 -0.521334 -0.67559 
vn 0.541675 -0.541675 -0.642788 
vn 0.5 -0.5 -0.707107 
vn 0.521334 -0.521334 -0.67559 
vn 0.477714 -0.477714 -0.737277 
vn 0.5 -0.5 -0.707107 
vn 0.454519 -0.454519 -0.766044 
vn 0.477714 -0.477714 -0.737277 
vn 0.430459 -0.430459 -0.793353 
vn 0.454519 -0.454519 -0.766044 
vn 0.40558 -0.40558 -0.819152 
vn 0.430459 -0.430459 -0.793353 
vn 0.379928 -0.379928 -0.843391 
vn 0.40558 -0.40558 -0.819152 
vn 0.353553 -0.353553 -0.866025 
vn 0.379928 -0.379928 -0.843391 
vn 0.326506 -0.326506 -0.887011 
vn 0.353553 -0.353553 -0.866025 
vn 0.298836 -0.298836 -0.906308 
vn 0.326506 -0.326506 -0.887011 
vn 0.270598 -0.270598 -0.92388 
vn 0.298836 -0.298836 -0.906308 
vn 0.241845 -0.241845 -0.939693 
vn 0.270598 -0.270598 -0.92388 
vn 0.212631 -0.212631 -0.953717 
vn 0.241845 -0.241845 -0.939693 
vn 0.183013 -0.183013 -0.965926 
vn 0.212631 -0.212631 -0.953717 
vn 0.153046 -0.153046 -0.976296 
vn 0.183013 -0.183013 -0.965926 
vn 0.122788 -0.122788 -0.984808 
vn 0.153046 -0.153046 -0.976296 
vn 0.092296 -0.092296 -0.991445 
vn 0.122788 -0.122788 -0.984808 
vn 0.0616284 -0.0616284 -0.996195 
vn 0.092296 -0.092296 -0.991445 
vn 0.0308436 -0.0308436 -0.999048 
vn 0.0616284 -0.0616284 -0.996195 
vn -1.29893e-16 1.29893e-16 -1 
vn 0.0308436 -0.0308436 -0.999048 
vn -0.0308436 0.0308436 -0.999048 
vn -1.29893e-16 1.29893e-16 -1 
vn -0.0616284 0.0616284 -0.996195 
vn -0.0308436 0.0308436 -0.999048 
vn -0.092296 0.092296 -0.991445 
vn -0.0616284 0.0616284 -0.996195 
vn -0.122788 0.122788 -0.984808 
vn -0.092296 0.092296 -0.991445 
vn -0.153046 0.153046 -0.976296 
vn -0.122788 0.122788 -0.984808 
vn -0.183013 0.183013 -0.965926 
vn -0.153046 0.153046 -0.976296 
vn -0.212631 0.212631 -0.953717 
vn -0.183013 0.183013 -0.965926 
vn -0.241845 0.241845 -0.939693 
vn -0.212631 0.212631 -0.953717 
vn -0.270598 0.270598 -0.92388 
vn -0.241845 0.241845 -0.939693 
vn -0.298836 0.298836 -0.906308 
vn -0.270598 0.270598 -0.92388 
vn -0.326506 0.326506 -0.887011 
vn -0.298836 0.298836 -0.906308 
vn -0.353553 0.353553 -0.866025 
vn -0.326506 0.326506 -0.887011 
vn -0.379928 0.379928 -0.843391 
vn -0.353553 0.353553 -0.866025 
vn -0.40558 0.40558 -0.819152 
vn -0.379928 0.379928 -0.843391 
vn -0.430459 0.430459 -0.793353 
vn -0.40558 0.40558 -0.819152 
vn -0.454519 0.454519 -0.766044 
vn -0.430459 0.430459 -0.793353 
vn -0.477714 0.477714 -0.737277 
vn -0.454519 0.454519 -0.766044 
vn -0.5 0.5 -0.707107 
vn -0.477714 0.477714 -0.737277 
vn -0.521334 0.521334 -0.67559 
vn -0.5 0.5 -0.707107 
vn -0.541675 0.541675 -0.642788 
vn -0.521334 0.521334 -0.67559 
vn -0.560986 0.560986 -0.608761 
vn -0.541675 0.541675 -0.642788 
vn -0.579228 0.579228 -0.573576 
vn -0.560986 0.560986 -0.608761 
vn -0.596368 0.596368 -0.5373 
vn -0.579228 0.579228 -0.573576 
vn -0.612372 0.612372 -0.5 
vn -0.596368 0.596368 -0.5373 
vn -0.627211 0.627211 -0.461749 
vn -0.612372 0.612372 -0.5 
vn -0.640856 0.640856 -0.422618 
vn -0.627211 0.627211 -0.461749 
vn -0.653281 0.653281 -0.382683 
vn -0.640856 0.640856 -0.422618 
vn -0.664463 0.664463 -0.34202 
vn -0.653281 0.653281 -0.382683 
vn -0.67438 0.67438 -0.300706 
vn -0.664463 0.664463 -0.34202 
vn -0.683013 0.683013 -0.258819 
vn -0.67438 0.67438 -0.300706 
vn -0.690346 0.690346 -0.21644 
vn -0.683013 0.683013 -0.258819 
vn -0.696364 0.696364 -0.173648 
vn -0.690346 0.690346 -0.21644 
vn -0.701057 0.701057 -0.130526 
vn -0.696364 0.696364 -0.173648 
vn -0.704416 0.704416 -0.0871557 
vn -0.701057 0.701057 -0.130526 
vn -0.706434 0.706434 -0.0436194 
vn -0.704416 0.704416 -0.0871557 
vn -0.707107 0.707107 1.22465e-16 
vn -0.706434 0.706434 -0.0436194 
vn -0.706434 0.706434 0.0436194 
vn -0.707107 0.707107 1.22465e-16 
vn -0.704416 0.704416 0.0871557 
vn -0.706434 0.706434 0.0436194 
vn -0.701057 0.701057 0.130526 
vn -0.704416 0.704416 0.0871557 
vn -0.696364 0.696364 0.173648 
vn -0.701057 0.701057 0.130526 
vn -0.690346 0.690346 0.21644 
vn -0.696364 0.696364 0.173648 
vn -0.683013 0.683013 0.258819 
vn -0.690346 0.690346 0.21644 
vn -0.67438 0.67438 0.300706 
vn -0.683013 0.683013 0.258819 
vn -0.664463 0.664463 0.34202 
vn -0.67438 0.67438 0.300706 
vn -0.653281 0.653281 0.382683 
vn -0.664463 0.664463 0.34202 
vn -0.640856 0.640856 0.422618 
vn -0.653281 0.653281 0.382683 
vn -0.627211 0.627211 0.461749 
vn -0.640856 0.640856 0.422618 
vn -0.612372 0.612372 0.5 
vn -0.627211 0.627211 0.461749 
vn -0.596368 0.596368 0.5373 
vn -0.612372 0.612372 0.5 
vn -0.579228 0.579228 0.573576 
vn -0.596368 0.596368 0.5373 
vn -0.560986 0.560986 0.608761 
vn -0.579228 0.579228 0.573576 
vn -0.541675 0.541675 0.642788 
vn -0.560986 0.560986 0.608761 
vn -0.521334 0.521334 0.67559 
vn -0.541675 0.541675 0.642788 
vn -0.5 0.5 0.707107 
vn -0.521334 0.521334 0.67559 
vn -0.477714 0.477714 0.737277 
vn -0.5 0.5 0.707107 
vn -0.454519 0.454519 0.766044 
vn -0.477714 0.477714 0.737277 
vn -0.430459 0.430459 0.793353 
vn -0.454519 0.454519 0.766044 
vn -0.40558 0.40558 0.819152 
vn -0.430459 0.430459 0.793353 
vn -0.379928 0.379928 0.843391 
vn -0.40558 0.40558 0.819152 
vn -0.353553 0.353553 0.866025 
vn -0.379928 0.379928 0.843391 
vn -0.326506 0.326506 0.887011 
vn -0.353553 0.353553 0.866025 
vn -0.298836 0.298836 0.906308 
vn -0.326506 0.326506 0.887011 
vn -0.270598 0.270598 0.92388 
vn -0.298836 0.298836 0.906308 
vn -0.241845 0.241845 0.939693 
vn -0.270598 0.270598 0.92388 
vn -0.212631 0.212631 0.953717 
vn -0.241845 0.241845 0.939693 
vn -0.183013 0.183013 0.965926 
vn -0.212631 0.212631 0.953717 
vn -0.153046 0.153046 0.976296 
vn -0.183013 0.183013 0.965926 
vn -0.122788 0.122788 0.984808 
vn -0.153046 0.153046 0.976296 
vn -0.092296 0.092296 0.991445 
vn -0.122788 0.122788 0.984808 
vn -0.0616284 0.0616284 0.996195 
vn -0.092296 0.092296 0.991445 
vn -0.0308436 0.0308436 0.999048 
vn -0.0616284 0.0616284 0.996195 
vn 2.00307e-16 -2.00307e-16 1 
vn -0.0308436 0.0308436 0.999048 
vn 0.0308436 -0.0308436 0.999048 
vn 2.00307e-16 -2.00307e-16 1 
vn 0.0616284 -0.0616284 0.996195 
vn 0.0308436 -0.0308436 0.999048 
vn 0.092296 -0.092296 0.991445 
vn 0.0616284 -0.0616284 0.996195 
vn 0.122788 -0.122788 0.984808 
vn 0.092296 -0.092296 0.991445 
vn 0.153046 -0.153046 0.976296 
vn 0.122788 -0.122788 0.984808 
vn 0.183013 -0.183013 0.965926 
vn 0.153046 -0.153046 0.976296 
vn 0.212631 -0.212631 0.953717 
vn 0.183013 -0.183013 0.965926 
vn 0.241845 -0.241845 0.939693 
vn 0.212631 -0.212631 0.953717 
vn 0.270598 -0.270598 0.92388 
vn 0.241845 -0.241845 0.939693 
vn 0.298836 -0.298836 0.906308 
vn 0.270598 -0.270598 0.92388 
vn 0.326506 -0.326506 0.887011 
vn 0.298836 -0.298836 0.906308 
vn 0.353553 -0.353553 0.866025 
vn 0.326506 -0.326506 0.887011 
vn 0.379928 -0.379928 0.843391 
vn 0.353553 -0.353553 0.866025 
vn 0.40558 -0.40558 0.819152 
vn 0.379928 -0.379928 0.843391 
vn 0.430459 -0.430459 0.793353 
vn 0.40558 -0.40558 0.819152 
vn 0.454519 -0.454519 0.766044 
vn 0.430459 -0.430459 0.793353 
vn 0.477714 -0.477714 0.737277 
vn 0.454519 -0.454519 0.766044 
vn 0.5 -0.5 0.707107 
vn 0.477714 -0.477714 0.737277 
vn 0.521334 -0.521334 0.67559 
vn 0.5 -0.5 0.707107 
vn 0.541675 -0.541675 0.642788 
vn 0.521334 -0.521334 0.67559 
vn 0.560986 -0.560986 0.608761 
vn 0.541675 -0.541675 0.642788 
vn 0.579228 -0.579228 0.573576 
vn 0.560986 -0.560986 0.608761 
vn 0.596368 -0.596368 0.5373 
vn 0.579228 -0.579228 0.573576 
vn 0.612372 -0.612372 0.5 
vn 0.596368 -0.596368 0.5373 
vn 0.627211 -0.627211 0.461749 
vn 0.612372 -0.612372 0.5 
vn 0.640856 -0.640856 0.422618 
vn 0.627211 -0.627211 0.461749 
vn 0.653281 -0.653281 0.382683 
vn 0.640856 -0.640856 0.422618 
vn 0.664463 -0.664463 0.34202 
vn 0.653281 -0.653281 0.382683 
vn 0.67438 -0.67438 0.300706 
vn 0.664463 -0.664463 0.34202 
vn 0.683013 -0.683013 0.258819 
vn 0.67438 -0.67438 0.300706 
vn 0.690346 -0.690346 0.21644 
vn 0.683013 -0.683013 0.258819 
vn 0.696364 -0.696364 0.173648 
vn 0.690346 -0.690346 0.21644 
vn 0.701057 -0.701057 0.130526 
vn 0.696364 -0.696364 0.173648 
vn 0.704416 -0.704416 0.0871557 
vn 0.701057 -0.701057 0.130526 
vn 0.706434 -0.706434 0.0436194 
vn 0.704416 -0.704416 0.0871557 
vn -0.707107 -0.707107 0 
vn 0 1 0 
vn 0.0436194 0 -0.999048 
vn 2.44929e-16 0 -1 
vn 0.0871557 0 -0.996195 
vn 0.0436194 0 -0.999048 
vn 0.130526 0 -0.991445 
vn 0.0871557 0 -0.996195 
vn 0.173648 0 -0.984808 
vn 0.130526 0 -0.991445 
vn 0.21644 0 -0.976296 
vn 0.173648 0 -0.984808 
vn 0.258819 0 -0.965926 
vn 0.21644 0 -0.976296 
vn 0.300706 0 -0.953717 
vn 0.258819 0 -0.965926 
vn 0.34202 0 -0.939693 
vn 0.300706 0 -0.953717 
vn 0.382683 0 -0.92388 
vn 0.34202 0 -0.939693 
vn 0.422618 0 -0.906308 
vn 0.382683 0 -0.92388 
vn 0.461749 0 -0.887011 
vn 0.422618 0 -0.906308 
vn 0.5 0 -0.866025 
vn 0.461749 0 -0.887011 
vn 0.5373 0 -0.843391 
vn 0.5 0 -0.866025 
vn 0.573576 0 -0.819152 
vn 0.5373 0 -0.843391 
vn 0.608761 0 -0.793353 
vn 0.573576 0 -0.819152 
vn 0.642788 0 -0.766044 
vn 0.608761 0 -0.793353 
vn 0.67559 0 -0.737277 
vn 0.642788 0 -0.766044 
vn 0.707107 0 -0.707107 
vn 0.67559 0 -0.737277 
vn 0.737277 0 -0.67559 
vn 0.707107 0 -0.707107 
vn 0.766044 0 -0.642788 
vn 0.737277 0 -0.67559 
vn 0.793353 0 -0.608761 
vn 0.766044 0 -0.642788 
vn 0.819152 0 -0.573576 
vn 0.793353 0 -0.608761 
vn 0.843391 0 -0.5373 
vn 0.819152 0 -0.573576 
vn 0.866025 0 -0.5 
vn 0.843391 0 -0.5373 
vn 0.887011 0 -0.461749 
vn 0.866025 0 -0.5 
vn 0.906308 0 -0.422618 
vn 0.887011 0 -0.461749 
vn 0.92388 0 -0.382683 
vn 0.906308 0 -0.422618 
vn 0.939693 0 -0.34202 
vn 0.92388 0 -0.382683 
vn 0.953717 0 -0.300706 
vn 0.939693 0 -0.34202 
vn 0.965926 0 -0.258819 
vn 0.953717 0 -0.300706 
vn 0.976296 0 -0.21644 
vn 0.965926 0 -0.258819 
vn 0.984808 0 -0.173648 
vn 0.976296 0 -0.21644 
vn 0.991445 0 -0.130526 
vn 0.984808 0 -0.173648 
vn 0.996195 0 -0.0871557 
vn 0.991445 0 -0.130526 
vn 0.999048 0 -0.0436194 
vn 0.996195 0 -0.0871557 
vn 1 0 1.83697e-16 
vn 0.999048 0 -0.0436194 
vn 0.999048 0 0.0436194 
vn 1 0 1.83697e-16 
vn 0.996195 0 0.0871557 
vn 0.999048 0 0.0436194 
vn 0.991445 0 0.130526 
vn 0.996195 0 0.0871557 
vn 0.984808 0 0.173648 
vn 0.991445 0 0.130526 
vn 0.976296 0 0.21644 
vn 0.984808 0 0.173648 
vn 0.965926 0 0.258819 
vn 0.976296 0 0.21644 
vn 0.953717 0 0.300706 
vn 0.965926 0 0.258819 
vn 0.939693 0 0.34202 
vn 0.953717 0 0.300706 
vn 0.92388 0 0.382683 
vn 0.939693 0 0.34202 
vn 0.906308 0 0.422618 
vn 0.92388 0 0.382683 
vn 0.887011 0 0.461749 
vn 0.906308 0 0.422618 
vn 0.866025 0 0.5 
vn 0.887011 0 0.461749 
vn 0.843391 0 0.5373 
vn 0.866025 0 0.5 
vn 0.819152 0 0.573576 
vn 0.843391 0 0.5373 
vn 0.793353 0 0.608761 
vn 0.819152 0 0.573576 
vn 0.766044 0 0.642788 
vn 0.793353 0 0.608761 
vn 0.737277 0 0.67559 
vn 0.766044 0 0.642788 
vn 0.707107 0 0.707107 
vn 0.737277 0 0.67559 
vn 0.67559 0 0.737277 
vn 0.707107 0 0.707107 
vn 0.642788 0 0.766044 
vn 0.67559 0 0.737277 
vn 0.608761 0 0.793353 
vn 0.642788 0 0.766044 
vn 0.573576 0 0.819152 
vn 0.608761 0 0.793353 
vn 0.5373 0 0.843391 
vn 0.573576 0 0.819152 
vn 0.5 0 0.866025 
vn 0.5373 0 0.843391 
vn 0.461749 0 0.887011 
vn 0.5 0 0.866025 
vn 0.422618 0 0.906308 
vn 0.461749 0 0.887011 
vn 0.382683 0 0.92388 
vn 0.422618 0 0.906308 
vn 0.34202 0 0.939693 
vn 0.382683 0 0.92388 
vn 0.300706 0 0.953717 
vn 0.34202 0 0.939693 
vn 0.258819 0 0.965926 
vn 0.300706 0 0.953717 
vn 0.21644 0 0.976296 
vn 0.258819 0 0.965926 
vn 0.173648 0 0.984808 
vn 0.21644 0 0.976296 
vn 0.130526 0 0.991445 
vn 0.173648 0 0.984808 
vn 0.0871557 0 0.996195 
vn 0.130526 0 0.991445 
vn 0.0436194 0 0.999048 
vn 0.0871557 0 0.996195 
vn -5.66554e-16 0 1 
vn 0.0436194 0 0.999048 
vn -0.0436194 0 0.999048 
vn -5.66554e-16 0 1 
vn -0.0871557 0 0.996195 
vn -0.0436194 0 0.999048 
vn -0.130526 0 0.991445 
vn -0.0871557 0 0.996195 
vn -0.173648 0 0.984808 
vn -0.130526 0 0.991445 
vn -0.21644 0 0.976296 
vn -0.173648 0 0.984808 
vn -0.258819 0 0.965926 
vn -0.21644 0 0.976296 
vn -0.300706 0 0.953717 
vn -0.258819 0 0.965926 
vn -0.34202 0 0.939693 
vn -0.300706 0 0.953717 
vn -0.382683 0 0.92388 
vn -0.34202 0 0.939693 
vn -0.422618 0 0.906308 
vn -0.382683 0 0.92388 
vn -0.461749 0 0.887011 
vn -0.422618 0 0.906308 
vn -0.5 0 0.866025 
vn -0.461749 0 0.887011 
vn -0.5373 0 0.843391 
vn -0.5 0 0.866025 
vn -0.573576 0 0.819152 
vn -0.5373 0 0.843391 
vn -0.608761 0 0.793353 
vn -0.573576 0 0.819152 
vn -0.642788 0 0.766044 
vn -0.608761 0 0.793353 
vn -0.67559 0 0.737277 
vn -0.642788 0 0.766044 
vn -0.707107 0 0.707107 
vn -0.67559 0 0.737277 
vn -0.737277 0 0.67559 
vn -0.707107 0 0.707107 
vn -0.766044 0 0.642788 
vn -0.737277 0 0.67559 
vn -0.793353 0 0.608761 
vn -0.766044 0 0.642788 
vn -0.819152 0 0.573576 
vn -0.793353 0 0.608761 
vn -0.843391 0 0.5373 
vn -0.819152 0 0.573576 
vn -0.866025 0 0.5 
vn -0.843391 0 0.5373 
vn -0.887011 0 0.461749 
vn -0.866025 0 0.5 
vn -0.906308 0 0.422618 
vn -0.887011 0 0.461749 
vn -0.92388 0 0.382683 
vn -0.906308 0 0.422618 
vn -0.939693 0 0.34202 
vn -0.92388 0 0.382683 
vn -0.953717 0 0.300706 
vn -0.939693 0 0.34202 
vn -0.965926 0 0.258819 
vn -0.953717 0 0.300706 
vn -0.976296 0 0.21644 
vn -0.965926 0 0.258819 
vn -0.984808 0 0.173648 
vn -0.976296 0 0.21644 
vn -0.991445 0 0.130526 
vn -0.984808 0 0.173648 
vn -0.996195 0 0.0871557 
vn -0.991445 0 0.130526 
vn -0.999048 0 0.0436194 
vn -0.996195 0 0.0871557 
vn -1 0 -6.12323e-17 
vn -0.999048 0 0.0436194 
vn -0.999048 0 -0.0436194 
vn -1 0 -6.12323e-17 
vn -0.996195 0 -0.0871557 
vn -0.999048 0 -0.0436194 
vn -0.991445 0 -0.130526 
vn -0.996195 0 -0.0871557 
vn -0.984808 0 -0.173648 
vn -0.991445 0 -0.130526 
vn -0.976296 0 -0.21644 
vn -0.984808 0 -0.173648 
vn -0.965926 0 -0.258819 
vn -0.976296 0 -0.21644 
vn -0.953717 0 -0.300706 
vn -0.965926 0 -0.258819 
vn -0.939693 0 -0.34202 
vn -0.953717 0 -0.300706 
vn -0.92388 0 -0.382683 
vn -0.939693 0 -0.34202 
vn -0.906308 0 -0.422618 
vn -0.92388 0 -0.382683 
vn -0.887011 0 -0.461749 
vn -0.906308 0 -0.422618 
vn -0.866025 0 -0.5 
vn -0.887011 0 -0.461749 
vn -0.843391 0 -0.5373 
vn -0.866025 0 -0.5 
vn -0.819152 0 -0.573576 
vn -0.843391 0 -0.5373 
vn -0.793353 0 -0.608761 
vn -0.819152 0 -0.573576 
vn -0.766044 0 -0.642788 
vn -0.793353 0 -0.608761 
vn -0.737277 0 -0.67559 
vn -0.766044 0 -0.642788 
vn -0.707107 0 -0.707107 
vn -0.737277 0 -0.67559 
vn -0.67559 0 -0.737277 
vn -0.707107 0 -0.707107 
vn -0.642788 0 -0.766044 
vn -0.67559 0 -0.737277 
vn -0.608761 0 -0.793353 
vn -0.642788 0 -0.766044 
vn -0.573576 0 -0.819152 
vn -0.608761 0 -0.793353 
vn -0.5373 0 -0.843391 
vn -0.573576 0 -0.819152 
vn -0.5 0 -0.866025 
vn -0.5373 0 -0.843391 
vn -0.461749 0 -0.887011 
vn -0.5 0 -0.866025 
vn -0.422618 0 -0.906308 
vn -0.461749 0 -0.887011 
vn -0.382683 0 -0.92388 
vn -0.422618 0 -0.906308 
vn -0.34202 0 -0.939693 
vn -0.382683 0 -0.92388 
vn -0.300706 0 -0.953717 
vn -0.34202 0 -0.939693 
vn -0.258819 0 -0.965926 
vn -0.300706 0 -0.953717 
vn -0.21644 0 -0.976296 
vn -0.258819 0 -0.965926 
vn -0.173648 0 -0.984808 
vn -0.21644 0 -0.976296 
vn -0.130526 0 -0.991445 
vn -0.173648 0 -0.984808 
vn -0.0871557 0 -0.996195 
vn -0.130526 0 -0.991445 
vn -0.0436194 0 -0.999048 
vn -0.0871557 0 -0.996195 
vn 0 1 0 
vn 0.0436194 0 -0.999048 
vn 2.44929e-16 0 -1 
vn 0.0871557 0 -0.996195 
vn 0.0436194 0 -0.999048 
vn 0.130526 0 -0.991445 
vn 0.0871557 0 -0.996195 
vn 0.173648 0 -0.984808 
vn 0.130526 0 -0.991445 
vn 0.21644 0 -0.976296 
vn 0.173648 0 -0.984808 
vn 0.258819 0 -0.965926 
vn 0.21644 0 -0.976296 
vn 0.300706 0 -0.953717 
vn 0.258819 0 -0.965926 
vn 0.34202 0 -0.939693 
vn 0.300706 0 -0.953717 
vn 0.382683 0 -0.92388 
vn 0.34202 0 -0.939693 
vn 0.422618 0 -0.906308 
vn 0.382683 0 -0.92388 
vn 0.461749 0 -0.887011 
vn 0.422618 0 -0.906308 
vn 0.5 0 -0.866025 
vn 0.461749 0 -0.887011 
vn 0.5373 0 -0.843391 
vn 0.5 0 -0.866025 
vn 0.573576 0 -0.819152 
vn 0.5373 0 -0.843391 
vn 0.608761 0 -0.793353 
vn 0.573576 0 -0.819152 
vn 0.642788 0 -0.766044 
vn 0.608761 0 -0.793353 
vn 0.67559 0 -0.737277 
vn 0.642788 0 -0.766044 
vn 0.707107 0 -0.707107 
vn 0.67559 0 -0.737277 
vn 0.737277 0 -0.67559 
vn 0.707107 0 -0.707107 
vn 0.766044 0 -0.642788 
vn 0.737277 0 -0.67559 
vn 0.793353 0 -0.608761 
vn 0.766044 0 -0.642788 
vn 0.819152 0 -0.573576 
vn 0.793353 0 -0.608761 
vn 0.843391 0 -0.5373 
vn 0.819152 0 -0.573576 
vn 0.866025 0 -0.5 
vn 0.843391 0 -0.5373 
vn 0.887011 0 -0.461749 
vn 0.866025 0 -0.5 
vn 0.906308 0 -0.422618 
vn 0.887011 0 -0.461749 
vn 0.92388 0 -0.382683 
vn 0.906308 0 -0.422618 
vn 0.939693 0 -0.34202 
vn 0.92388 0 -0.382683 
vn 0.953717 0 -0.300706 
vn 0.939693 0 -0.34202 
vn 0.965926 0 -0.258819 
vn 0.953717 0 -0.300706 
vn 0.976296 0 -0.21644 
vn 0.965926 0 -0.258819 
vn 0.984808 0 -0.173648 
vn 0.976296 0 -0.21644 
vn 0.991445 0 -0.130526 
vn 0.984808 0 -0.173648 
vn 0.996195 0 -0.0871557 
vn 0.991445 0 -0.130526 
vn 0.999048 0 -0.0436194 
vn 0.996195 0 -0.0871557 
vn 1 0 1.83697e-16 
vn 0.999048 0 -0.0436194 
vn 0.999048 0 0.0436194 
vn 1 0 1.83697e-16 
vn 0.996195 0 0.0871557 
vn 0.999048 0 0.0436194 
vn 0.991445 0 0.130526 
vn 0.996195 0 0.0871557 
vn 0.984808 0 0.173648 
vn 0.991445 0 0.130526 
vn 0.976296 0 0.21644 
vn 0.984808 0 0.173648 
vn 0.965926 0 0.258819 
vn 0.976296 0 0.21644 
vn 0.953717 0 0.300706 
vn 0.965926 0 0.258819 
vn 0.939693 0 0.34202 
vn 0.953717 0 0.300706 
vn 0.92388 0 0.382683 
vn 0.939693 0 0.34202 
vn 0.906308 0 0.422618 
vn 0.92388 0 0.382683 
vn 0.887011 0 0.461749 
vn 0.906308 0 0.422618 
vn 0.866025 0 0.5 
vn 0.887011 0 0.461749 
vn 0.843391 0 0.5373 
vn 0.866025 0 0.5 
vn 0.819152 0 0.573576 
vn 0.843391 0 0.5373 
vn 0.793353 0 0.608761 
vn 0.819152 0 0.573576 
vn 0.766044 0 0.642788 
vn 0.793353 0 0.608761 
vn 0.737277 0 0.67559 
vn 0.766044 0 0.642788 
vn 0.707107 0 0.707107 
vn 0.737277 0 0.67559 
vn 0.67559 0 0.737277 
vn 0.707107 0 0.707107 
vn 0.642788 0 0.766044 
vn 0.67559 0 0.737277 
vn 0.608761 0 0.793353 
vn 0.642788 0 0.766044 
vn 0.573576 0 0.819152 
vn 0.608761 0 0.793353 
vn 0.5373 0 0.843391 
vn 0.573576 0 0.819152 
vn 0.5 0 0.866025 
vn 0.5373 0 0.843391 
vn 0.461749 0 0.887011 
vn 0.5 0 0.866025 
vn 0.422618 0 0.906308 
vn 0.461749 0 0.887011 
vn 0.382683 0 0.92388 
vn 0.422618 0 0.906308 
vn 0.34202 0 0.939693 
vn 0.382683 0 0.92388 
vn 0.300706 0 0.953717 
vn 0.34202 0 0.939693 
vn 0.258819 0 0.965926 
vn 0.300706 0 0.953717 
vn 0.21644 0 0.976296 
vn 0.258819 0 0.965926 
vn 0.173648 0 0.984808 
vn 0.21644 0 0.976296 
vn 0.130526 0 0.991445 
vn 0.173648 0 0.984808 
vn 0.0871557 0 0.996195 
vn 0.130526 0 0.991445 
vn 0.0436194 0 0.999048 
vn 0.0871557 0 0.996195 
vn -5.66554e-16 0 1 
vn 0.0436194 0 0.999048 
vn -0.0436194 0 0.999048 
vn -5.66554e-16 0 1 
vn -0.0871557 0 0.996195 
vn -0.0436194 0 0.999048 
vn -0.130526 0 0.991445 
vn -0.0871557 0 0.996195 
vn -0.173648 0 0.984808 
vn -0.130526 0 0.991445 
vn -0.21644 0 0.976296 
vn -0.173648 0 0.984808 
vn -0.258819 0 0.965926 
vn -0.21644 0 0.976296 
vn -0.300706 0 0.953717 
vn -0.258819 0 0.965926 
vn -0.34202 0 0.939693 
vn -0.300706 0 0.953717 
vn -0.382683 0 0.92388 
vn -0.34202 0 0.939693 
vn -0.422618 0 0.906308 
vn -0.382683 0 0.92388 
vn -0.461749 0 0.887011 
vn -0.422618 0 0.906308 
vn -0.5 0 0.866025 
vn -0.461749 0 0.887011 
vn -0.5373 0 0.843391 
vn -0.5 0 0.866025 
vn -0.573576 0 0.819152 
vn -0.5373 0 0.843391 
vn -0.608761 0 0.793353 
vn -0.573576 0 0.819152 
vn -0.642788 0 0.766044 
vn -0.608761 0 0.793353 
vn -0.67559 0 0.737277 
vn -0.642788 0 0.766044 
vn -0.707107 0 0.707107 
vn -0.67559 0 0.737277 
vn -0.737277 0 0.67559 
vn -0.707107 0 0.707107 
vn -0.766044 0 0.642788 
vn -0.737277 0 0.67559 
vn -0.793353 0 0.608761 
vn -0.766044 0 0.642788 
vn -0.819152 0 0.573576 
vn -0.793353 0 0.608761 
vn -0.843391 0 0.5373 
vn -0.819152 0 0.573576 
vn -0.866025 0 0.5 
vn -0.843391 0 0.5373 
vn -0.887011 0 0.461749 
vn -0.866025 0 0.5 
vn -0.906308 0 0.422618 
vn -0.887011 0 0.461749 
vn -0.92388 0 0.382683 
vn -0.906308 0 0.422618 
vn -0.939693 0 0.34202 
vn -0.92388 0 0.382683 
vn -0.953717 0 0.300706 
vn -0.939693 0 0.34202 
vn -0.965926 0 0.258819 
vn -0.953717 0 0.300706 
vn -0.976296 0 0.21644 
vn -0.965926 0 0.258819 
vn -0.984808 0 0.173648 
vn -0.976296 0 0.21644 
vn -0.991445 0 0.130526 
vn -0.984808 0 0.173648 
vn -0.996195 0 0.0871557 
vn -0.991445 0 0.130526 
vn -0.999048 0 0.0436194 
vn -0.996195 0 0.0871557 
vn -1 0 -6.12323e-17 
vn -0.999048 0 0.0436194 
vn -0.999048 0 -0.0436194 
vn -1 0 -6.12323e-17 
vn -0.996195 0 -0.0871557 
vn -0.999048 0 -0.0436194 
vn -0.991445 0 -0.130526 
vn -0.996195 0 -0.0871557 
vn -0.984808 0 -0.173648 
vn -0.991445 0 -0.130526 
vn -0.976296 0 -0.21644 
vn -0.984808 0 -0.173648 
vn -0.965926 0 -0.258819 
vn -0.976296 0 -0.21644 
vn -0.953717 0 -0.300706 
vn -0.965926 0 -0.258819 
vn -0.939693 0 -0.34202 
vn -0.953717 0 -0.300706 
vn -0.92388 0 -0.382683 
vn -0.939693 0 -0.34202 
vn -0.906308 0 -0.422618 
vn -0.92388 0 -0.382683 
vn -0.887011 0 -0.461749 
vn -0.906308 0 -0.422618 
vn -0.866025 0 -0.5 
vn -0.887011 0 -0.461749 
vn -0.843391 0 -0.5373 
vn -0.866025 0 -0.5 
vn -0.819152 0 -0.573576 
vn -0.843391 0 -0.5373 
vn -0.793353 0 -0.608761 
vn -0.819152 0 -0.573576 
vn -0.766044 0 -0.642788 
vn -0.793353 0 -0.608761 
vn -0.737277 0 -0.67559 
vn -0.766044 0 -0.642788 
vn -0.707107 0 -0.707107 
vn -0.737277 0 -0.67559 
vn -0.67559 0 -0.737277 
vn -0.707107 0 -0.707107 
vn -0.642788 0 -0.766044 
vn -0.67559 0 -0.737277 
vn -0.608761 0 -0.793353 
vn -0.642788 0 -0.766044 
vn -0.573576 0 -0.819152 
vn -0.608761 0 -0.793353 
vn -0.5373 0 -0.843391 
vn -0.573576 0 -0.819152 
vn -0.5 0 -0.866025 
vn -0.5373 0 -0.843391 
vn -0.461749 0 -0.887011 
vn -0.5 0 -0.866025 
vn -0.422618 0 -0.906308 
vn -0.461749 0 -0.887011 
vn -0.382683 0 -0.92388 
vn -0.422618 0 -0.906308 
vn -0.34202 0 -0.939693 
vn -0.382683 0 -0.92388 
vn -0.300706 0 -0.953717 
vn -0.34202 0 -0.939693 
vn -0.258819 0 -0.965926 
vn -0.300706 0 -0.953717 
vn -0.21644 0 -0.976296 
vn -0.258819 0 -0.965926 
vn -0.173648 0 -0.984808 
vn -0.21644 0 -0.976296 
vn -0.130526 0 -0.991445 
vn -0.173648 0 -0.984808 
vn -0.0871557 0 -0.996195 
vn -0.130526 0 -0.991445 
vn -0.0436194 0 -0.999048 
vn -0.0871557 0 -0.996195 
vn 0 1 0 
usemtl 0.615686_0.811765_0.929412_0.000000_0.000000
o mesh0
f 145//1 1//1 2//1 
f 2//1 3//1 145//1 
f 3//1 4//1 145//1 
f 4//1 5//1 145//1 
f 5//1 6//1 145//1 
f 6//1 7//1 145//1 
f 7//1 8//1 145//1 
f 8//1 9//1 145//1 
f 9//1 10//1 145//1 
f 10//1 11//1 145//1 
f 11//1 12//1 145//1 
f 12//1 13//1 145//1 
f 13//1 14//1 145//1 
f 14//1 15//1 145//1 
f 15//1 16//1 145//1 
f 16//1 17//1 145//1 
f 17//1 18//1 145//1 
f 18//1 19//1 145//1 
f 19//1 20//1 145//1 
f 20//1 21//1 145//1 
f 21//1 22//1 145//1 
f 22//1 23//1 145//1 
f 23//1 24//1 145//1 
f 24//1 25//1 145//1 
f 25//1 26//1 145//1 
f 26//1 27//1 145//1 
f 27//1 28//1 145//1 
f 28//1 29//1 145//1 
f 29//1 30//1 145//1 
f 30//1 31//1 145//1 
f 31//1 32//1 145//1 
f 32//1 33//1 145//1 
f 33//1 34//1 145//1 
f 34//1 35//1 145//1 
f 35//1 36//1 145//1 
f 36//1 37//1 145//1 
f 37//1 38//1 145//1 
f 38//1 39//1 145//1 
f 39//1 40//1 145//1 
f 40//1 41//1 145//1 
f 41//1 42//1 145//1 
f 42//1 43//1 145//1 
f 43//1 44//1 145//1 
f 44//1 45//1 145//1 
f 45//1 46//1 145//1 
f 46//1 47//1 145//1 
f 47//1 48//1 145//1 
f 48//1 49//1 145//1 
f 49//1 50//1 145//1 
f 50//1 51//1 145//1 
f 51//1 52//1 145//1 
f 52//1 53//1 145//1 
f 53//1 54//1 145//1 
f 54//1 55//1 145//1 
f 55//1 56//1 145//1 
f 56//1 57//1 145//1 
f 57//1 58//1 145//1 
f 58//1 59//1 145//1 
f 59//1 60//1 145//1 
f 60//1 61//1 145//1 
f 61//1 62//1 145//1 
f 62//1 63//1 145//1 
f 63//1 64//1 145//1 
f 64//1 65//1 145//1 
f 65//1 66//1 145//1 
f 66//1 67//1 145//1 
f 67//1 68//1 145//1 
f 68//1 69//1 145//1 
f 69//1 70//1 145//1 
f 70//1 71//1 145//1 
f 71//1 72//1 145//1 
f 72//1 73//1 145//1 
f 73//1 74//1 145//1 
f 74//1 75//1 145//1 
f 75//1 76//1 145//1 
f 76//1 77//1 145//1 
f 77//1 78//1 145//1 
f 78//1 79//1 145//1 
f 79//1 80//1 145//1 
f 80//1 81//1 145//1 
f 81//1 82//1 145//1 
f 82//1 83//1 145//1 
f 83//1 84//1 145//1 
f 84//1 85//1 145//1 
f 85//1 86//1 145//1 
f 86//1 87//1 145//1 
f 87//1 88//1 145//1 
f 88//1 89//1 145//1 
f 89//1 90//1 145//1 
f 90//1 91//1 145//1 
f 91//1 92//1 145//1 
f 92//1 93//1 145//1 
f 93//1 94//1 145//1 
f 94//1 95//1 145//1 
f 95//1 96//1 145//1 
f 96//1 97//1 145//1 
f 97//1 98//1 145//1 
f 98//1 99//1 145//1 
f 99//1 100//1 145//1 
f 100//1 101//1 145//1 
f 101//1 102//1 145//1 
f 102//1 103//1 145//1 
f 103//1 104//1 145//1 
f 104//1 105//1 145//1 
f 105//1 106//1 145//1 
f 106//1 107//1 145//1 
f 107//1 108//1 145//1 
f 108//1 109//1 145//1 
f 109//1 110//1 145//1 
f 110//1 111//1 145//1 
f 111//1 112//1 145//1 
f 112//1 113//1 145//1 
f 113//1 114//1 145//1 
f 114//1 115//1 145//1 
f 115//1 116//1 145//1 
f 116//1 117//1 145//1 
f 117//1 118//1 145//1 
f 118//1 119//1 145//1 
f 119//1 120//1 145//1 
f 120//1 121//1 145//1 
f 121//1 122//1 145//1 
f 122//1 123//1 145//1 
f 123//1 124//1 145//1 
f 124//1 125//1 145//1 
f 125//1 126//1 145//1 
f 126//1 127//1 145//1 
f 127//1 128//1 145//1 
f 128//1 129//1 145//1 
f 129//1 130//1 145//1 
f 130//1 131//1 145//1 
f 131//1 132//1 145//1 
f 132//1 133//1 145//1 
f 133//1 134//1 145//1 
f 134//1 135//1 145//1 
f 135//1 136//1 145//1 
f 136//1 137//1 145//1 
f 137//1 138//1 145//1 
f 138//1 139//1 145//1 
f 139//1 140//1 145//1 
f 140//1 141//1 145//1 
f 141//1 142//1 145//1 
f 142//1 143//1 145//1 
f 143//1 144//1 145//1 
f 144//1 1//1 145//1 
usemtl 0.917647_0.917647_0.917647_0.000000_0.000000
o mesh1
f 146//2 147//3 144//3 
f 148//4 146//2 143//5 
f 149//6 148//4 142//7 
f 150//8 149//6 141//9 
f 151//10 150//8 140//11 
f 152//12 151//10 139//13 
f 153//14 152//12 138//15 
f 154//16 153//14 137//17 
f 155//18 154//16 136//19 
f 156//20 155//18 135//21 
f 157//22 156//20 134//23 
f 158//24 157//22 133//25 
f 159//26 158//24 132//27 
f 160//28 159//26 131//29 
f 161//30 160//28 130//31 
f 162//32 161//30 129//33 
f 163//34 162//32 128//35 
f 164//36 163//34 127//37 
f 165//38 164//36 126//39 
f 166//40 165//38 125//41 
f 167//42 166//40 124//43 
f 168//44 167//42 123//45 
f 169//46 168//44 122//47 
f 170//48 169//46 121//49 
f 171//50 170//48 120//51 
f 172//52 171//50 119//53 
f 173//54 172//52 118//55 
f 174//56 173//54 117//57 
f 175//58 174//56 116//59 
f 176//60 175//58 115//61 
f 177//62 176//60 114//63 
f 178//64 177//62 113//65 
f 179//66 178//64 112//67 
f 180//68 179//66 111//69 
f 181//70 180//68 110//71 
f 182//72 181//70 109//73 
f 183//74 182//72 108//75 
f 184//76 183//74 107//77 
f 185//78 184//76 106//79 
f 186//80 185//78 105//81 
f 187//82 186//80 104//83 
f 188//84 187//82 103//85 
f 189//86 188//84 102//87 
f 190//88 189//86 101//89 
f 191//90 190//88 100//91 
f 192//92 191//90 99//93 
f 193//94 192//92 98//95 
f 194//96 193//94 97//97 
f 195//98 194//96 96//99 
f 196//100 195//98 95//101 
f 197//102 196//100 94//103 
f 198//104 197//102 93//105 
f 199//106 198//104 92//107 
f 200//108 199//106 91//109 
f 201//110 200//108 90//111 
f 202//112 201//110 89//113 
f 203//114 202//112 88//115 
f 204//116 203//114 87//117 
f 205//118 204//116 86//119 
f 206//120 205//118 85//121 
f 207//122 206//120 84//123 
f 208//124 207//122 83//125 
f 209//126 208//124 82//127 
f 210//128 209//126 81//129 
f 211//130 210//128 80//131 
f 212//132 211//130 79//133 
f 213//134 212//132 78//135 
f 214//136 213//134 77//137 
f 215//138 214//136 76//139 
f 216//140 215//138 75//141 
f 217//142 216//140 74//143 
f 218//144 217//142 73//145 
f 219//146 218//144 72//147 
f 220//148 219//146 71//149 
f 221//150 220//148 70//151 
f 222//152 221//150 69//153 
f 223//154 222//152 68//155 
f 224//156 223//154 67//157 
f 225//158 224//156 66//159 
f 226//160 225//158 65//161 
f 227//162 226//160 64//163 
f 228//164 227//162 63//165 
f 229//166 228//164 62//167 
f 230//168 229//166 61//169 
f 231//170 230//168 60//171 
f 232//172 231//170 59//173 
f 233//174 232//172 58//175 
f 234//176 233//174 57//177 
f 235//178 234//176 56//179 
f 236//180 235//178 55//181 
f 237//182 236//180 54//183 
f 238//184 237//182 53//185 
f 239//186 238//184 52//187 
f 240//188 239//186 51//189 
f 241//190 240//188 50//191 
f 242//192 241//190 49//193 
f 243//194 242//192 48//195 
f 244//196 243//194 47//197 
f 245//198 244//196 46//199 
f 246//200 245//198 45//201 
f 247//202 246//200 44//203 
f 248//204 247//202 43//205 
f 249//206 248//204 42//207 
f 250//208 249//206 41//209 
f 251//210 250//208 40//211 
f 252//212 251//210 39//213 
f 253//214 252//212 38//215 
f 254//216 253//214 37//217 
f 255//218 254//216 36//219 
f 256//220 255//218 35//221 
f 257//222 256//220 34//223 
f 258//224 257//222 33//225 
f 259//226 258//224 32//227 
f 260//228 259//226 31//229 
f 261//230 260//228 30//231 
f 262//232 261//230 29//233 
f 263//234 262//232 28//235 
f 264//236 263//234 27//237 
f 265//238 264//236 26//239 
f 266//240 265//238 25//241 
f 267//242 266//240 24//243 
f 268//244 267//242 23//245 
f 269//246 268//244 22//247 
f 270//248 269//246 21//249 
f 271//250 270//248 20//251 
f 272//252 271//250 19//253 
f 273//254 272//252 18//255 
f 274//256 273//254 17//257 
f 275//258 274//256 16//259 
f 276//260 275//258 15//261 
f 277//262 276//260 14//263 
f 278//264 277//262 13//265 
f 279//266 278//264 12//267 
f 280//268 279//266 11//269 
f 281//270 280//268 10//271 
f 282//272 281//270 9//273 
f 283//274 282//272 8//275 
f 284//276 283//274 7//277 
f 285//278 284//276 6//279 
f 286//280 285//278 5//281 
f 287//282 286//280 4//283 
f 288//284 287//282 3//285 
f 289//286 288//284 2//287 
f 147//3 289//286 1//286 
f 1//286 144//3 147//3 
f 2//287 1//286 289//286 
f 3//285 2//287 288//284 
f 4//283 3//285 287//282 
f 5//281 4//283 286//280 
f 6//279 5//281 285//278 
f 7//277 6//279 284//276 
f 8//275 7//277 283//274 
f 9//273 8//275 282//272 
f 10//271 9//273 281//270 
f 11//269 10//271 280//268 
f 12//267 11//269 279//266 
f 13//265 12//267 278//264 
f 14//263 13//265 277//262 
f 15//261 14//263 276//260 
f 16//259 15//261 275//258 
f 17//257 16//259 274//256 
f 18//255 17//257 273//254 
f 19//253 18//255 272//252 
f 20//251 19//253 271//250 
f 21//249 20//251 270//248 
f 22//247 21//249 269//246 
f 23//245 22//247 268//244 
f 24//243 23//245 267//242 
f 25//241 24//243 266//240 
f 26//239 25//241 265//238 
f 27//237 26//239 264//236 
f 28//235 27//237 263//234 
f 29//233 28//235 262//232 
f 30//231 29//233 261//230 
f 31//229 30//231 260//228 
f 32//227 31//229 259//226 
f 33//225 32//227 258//224 
f 34//223 33//225 257//222 
f 35//221 34//223 256//220 
f 36//219 35//221 255//218 
f 37//217 36//219 254//216 
f 38//215 37//217 253//214 
f 39//213 38//215 252//212 
f 40//211 39//213 251//210 
f 41//209 40//211 250//208 
f 42//207 41//209 249//206 
f 43//205 42//207 248//204 
f 44//203 43//205 247//202 
f 45//201 44//203 246//200 
f 46//199 45//201 245//198 
f 47//197 46//199 244//196 
f 48//195 47//197 243//194 
f 49//193 48//195 242//192 
f 50//191 49//193 241//190 
f 51//189 50//191 240//188 
f 52//187 51//189 239//186 
f 53//185 52//187 238//184 
f 54//183 53//185 237//182 
f 55//181 54//183 236//180 
f 56//179 55//181 235//178 
f 57//177 56//179 234//176 
f 58//175 57//177 233//174 
f 59//173 58//175 232//172 
f 60//171 59//173 231//170 
f 61//169 60//171 230//168 
f 62//167 61//169 229//166 
f 63//165 62//167 228//164 
f 64//163 63//165 227//162 
f 65//161 64//163 226//160 
f 66//159 65//161 225//158 
f 67//157 66//159 224//156 
f 68//155 67//157 223//154 
f 69//153 68//155 222//152 
f 70//151 69//153 221//150 
f 71//149 70//151 220//148 
f 72//147 71//149 219//146 
f 73//145 72//147 218//144 
f 74//143 73//145 217//142 
f 75//141 74//143 216//140 
f 76//139 75//141 215//138 
f 77//137 76//139 214//136 
f 78//135 77//137 213//134 
f 79//133 78//135 212//132 
f 80//131 79//133 211//130 
f 81//129 80//131 210//128 
f 82//127 81//129 209//126 
f 83//125 82//127 208//124 
f 84//123 83//125 207//122 
f 85//121 84//123 206//120 
f 86//119 85//121 205//118 
f 87//117 86//119 204//116 
f 88//115 87//117 203//114 
f 89//113 88//115 202//112 
f 90//111 89//113 201//110 
f 91//109 90//111 200//108 
f 92//107 91//109 199//106 
f 93//105 92//107 198//104 
f 94//103 93//105 197//102 
f 95//101 94//103 196//100 
f 96//99 95//101 195//98 
f 97//97 96//99 194//96 
f 98//95 97//97 193//94 
f 99//93 98//95 192//92 
f 100//91 99//93 191//90 
f 101//89 100//91 190//88 
f 102//87 101//89 189//86 
f 103//85 102//87 188//84 
f 104//83 103//85 187//82 
f 105//81 104//83 186//80 
f 106//79 105//81 185//78 
f 107//77 106//79 184//76 
f 108//75 107//77 183//74 
f 109//73 108//75 182//72 
f 110//71 109//73 181//70 
f 111//69 110//71 180//68 
f 112//67 111//69 179//66 
f 113//65 112//67 178//64 
f 114//63 113//65 177//62 
f 115//61 114//63 176//60 
f 116//59 115//61 175//58 
f 117//57 116//59 174//56 
f 118//55 117//57 173//54 
f 119//53 118//55 172//52 
f 120//51 119//53 171//50 
f 121//49 120//51 170//48 
f 122//47 121//49 169//46 
f 123//45 122//47 168//44 
f 124//43 123//45 167//42 
f 125//41 124//43 166//40 
f 126//39 125//41 165//38 
f 127//37 126//39 164//36 
f 128//35 127//37 163//34 
f 129//33 128//35 162//32 
f 130//31 129//33 161//30 
f 131//29 130//31 160//28 
f 132//27 131//29 159//26 
f 133//25 132//27 158//24 
f 134//23 133//25 157//22 
f 135//21 134//23 156//20 
f 136//19 135//21 155//18 
f 137//17 136//19 154//16 
f 138//15 137//17 153//14 
f 139//13 138//15 152//12 
f 140//11 139//13 151//10 
f 141//9 140//11 150//8 
f 142//7 141//9 149//6 
f 143//5 142//7 148//4 
f 144//3 143//5 146//2 
o mesh2
f 290//288 223//288 224//288 
f 290//288 241//288 242//288 
f 290//288 225//288 226//288 
f 290//288 222//288 223//288 
f 290//288 220//288 221//288 
f 291//288 216//288 217//288 
f 291//288 214//288 215//288 
f 291//288 205//288 206//288 
f 292//288 256//288 257//288 
f 242//288 243//288 290//288 
f 226//288 227//288 290//288 
f 221//288 222//288 290//288 
f 290//288 291//288 218//288 
f 215//288 216//288 291//288 
f 291//288 212//288 213//288 
f 291//288 210//288 211//288 
f 291//288 208//288 209//288 
f 206//288 207//288 291//288 
f 291//288 203//288 204//288 
f 292//288 255//288 256//288 
f 290//288 253//288 254//288 
f 290//288 251//288 252//288 
f 290//288 246//288 247//288 
f 290//288 240//288 241//288 
f 224//288 225//288 290//288 
f 218//288 219//288 290//288 
f 213//288 214//288 291//288 
f 209//288 210//288 291//288 
f 204//288 205//288 291//288 
f 291//288 199//288 200//288 
f 292//288 254//288 255//288 
f 252//288 253//288 290//288 
f 290//288 249//288 250//288 
f 290//288 245//288 246//288 
f 290//288 239//288 240//288 
f 290//288 237//288 238//288 
f 290//288 230//288 231//288 
f 290//288 228//288 229//288 
f 219//288 220//288 290//288 
f 211//288 212//288 291//288 
f 291//288 202//288 203//288 
f 200//288 201//288 291//288 
f 292//288 262//288 263//288 
f 292//288 260//288 261//288 
f 254//288 292//288 290//288 
f 290//288 248//288 249//288 
f 290//288 244//288 245//288 
f 238//288 239//288 290//288 
f 229//288 230//288 290//288 
f 217//288 218//288 291//288 
f 201//288 202//288 291//288 
f 291//288 197//288 198//288 
f 291//288 194//288 195//288 
f 293//288 175//288 176//288 
f 293//288 173//288 174//288 
f 293//288 169//288 170//288 
f 261//288 262//288 292//288 
f 292//288 258//288 259//288 
f 250//288 251//288 290//288 
f 243//288 244//288 290//288 
f 227//288 228//288 290//288 
f 198//288 199//288 291//288 
f 291//288 193//288 194//288 
f 291//288 188//288 189//288 
f 174//288 175//288 293//288 
f 293//288 168//288 169//288 
f 293//288 162//288 163//288 
f 293//288 159//288 160//288 
f 293//288 157//288 158//288 
f 292//288 266//288 267//288 
f 259//288 260//288 292//288 
f 247//288 248//288 290//288 
f 290//288 235//288 236//288 
f 207//288 208//288 291//288 
f 195//288 196//288 291//288 
f 291//288 191//288 192//288 
f 189//288 190//288 291//288 
f 291//288 293//288 182//288 
f 293//288 178//288 179//288 
f 176//288 177//288 293//288 
f 293//288 171//288 172//288 
f 293//288 167//288 168//288 
f 293//288 161//288 162//288 
f 158//288 159//288 293//288 
f 292//288 270//288 271//288 
f 267//288 268//288 292//288 
f 292//288 264//288 265//288 
f 257//288 258//288 292//288 
f 290//288 234//288 235//288 
f 196//288 197//288 291//288 
f 190//288 191//288 291//288 
f 291//288 186//288 187//288 
f 291//288 184//288 185//288 
f 182//288 183//288 291//288 
f 293//288 180//288 181//288 
f 177//288 178//288 293//288 
f 170//288 171//288 293//288 
f 160//288 161//288 293//288 
f 293//288 155//288 156//288 
f 293//288 153//288 154//288 
f 292//288 272//288 273//288 
f 292//288 269//288 270//288 
f 265//288 266//288 292//288 
f 236//288 237//288 290//288 
f 192//288 193//288 291//288 
f 185//288 186//288 291//288 
f 181//288 182//288 293//288 
f 172//288 173//288 293//288 
f 293//288 165//288 166//288 
f 163//288 164//288 293//288 
f 154//288 155//288 293//288 
f 293//288 150//288 151//288 
f 292//288 281//288 282//288 
f 292//288 275//288 276//288 
f 271//288 272//288 292//288 
f 263//288 264//288 292//288 
f 187//288 188//288 291//288 
f 179//288 180//288 293//288 
f 164//288 165//288 293//288 
f 293//288 152//288 153//288 
f 293//288 149//288 150//288 
f 292//288 280//288 281//288 
f 292//288 277//288 278//288 
f 292//288 274//288 275//288 
f 268//288 269//288 292//288 
f 290//288 232//288 233//288 
f 183//288 184//288 291//288 
f 156//288 157//288 293//288 
f 293//288 148//288 149//288 
f 293//288 292//288 147//288 
f 282//288 283//288 292//288 
f 278//288 279//288 292//288 
f 273//288 274//288 292//288 
f 231//288 232//288 290//288 
f 151//288 152//288 293//288 
f 147//288 146//288 293//288 
f 292//288 284//288 285//288 
f 279//288 280//288 292//288 
f 233//288 234//288 290//288 
f 146//288 148//288 293//288 
f 292//288 288//288 289//288 
f 292//288 286//288 287//288 
f 283//288 284//288 292//288 
f 166//288 167//288 293//288 
f 287//288 288//288 292//288 
f 276//288 277//288 292//288 
f 285//288 286//288 292//288 
f 289//288 147//288 292//288 
o mesh3
f 294//289 295//289 291//289 
f 291//289 290//289 294//289 
o mesh4
f 296//290 297//290 295//290 
f 295//290 294//290 296//290 
o mesh5
f 292//291 293//291 298//291 
f 298//291 299//291 292//291 
o mesh6
f 299//292 298//292 300//292 
f 300//292 301//292 299//292 
o mesh7
f 302//293 303//293 297//293 
f 297//293 296//293 302//293 
o mesh8
f 292//294 299//294 294//294 
f 294//294 290//294 292//294 
f 301//294 304//294 296//294 
f 305//294 302//294 296//294 
f 296//294 294//294 301//294 
f 296//294 304//294 306//294 
f 296//294 306//294 305//294 
f 299//294 301//294 294//294 
o mesh9
f 307//295 308//295 297//295 
f 297//295 303//295 307//295 
f 309//295 300//295 295//295 
f 293//295 291//295 295//295 
f 295//295 297//295 309//295 
f 295//295 300//295 298//295 
f 295//295 298//295 293//295 
f 308//295 309//295 297//295 
o mesh10
f 306//296 308//296 307//296 
f 307//296 305//296 306//296 
o mesh11
f 304//297 309//297 308//297 
f 308//297 306//297 304//297 
o mesh12
f 302//298 310//298 311//298 
f 302//298 305//298 312//298 
f 302//298 313//298 314//298 
f 312//298 310//298 302//298 
f 305//298 315//298 316//298 
f 303//298 317//298 318//298 
f 303//298 319//298 320//298 
f 311//298 313//298 302//298 
f 316//298 321//298 305//298 
f 305//298 322//298 323//298 
f 318//298 324//298 303//298 
f 320//298 325//298 303//298 
f 302//298 326//298 327//298 
f 302//298 328//298 329//298 
f 314//298 330//298 302//298 
f 305//298 331//298 315//298 
f 305//298 332//298 333//298 
f 323//298 334//298 305//298 
f 307//298 335//298 336//298 
f 303//298 337//298 338//298 
f 303//298 339//298 340//298 
f 303//298 341//298 342//298 
f 325//298 317//298 303//298 
f 303//298 343//298 344//298 
f 303//298 302//298 345//298 
f 302//298 346//298 326//298 
f 302//298 347//298 348//298 
f 302//298 349//298 350//298 
f 302//298 351//298 352//298 
f 302//298 353//298 328//298 
f 321//298 312//298 305//298 
f 305//298 354//298 355//298 
f 305//298 356//298 357//298 
f 305//298 358//298 359//298 
f 305//298 360//298 361//298 
f 333//298 362//298 305//298 
f 334//298 363//298 305//298 
f 307//298 364//298 365//298 
f 307//298 366//298 367//298 
f 307//298 368//298 335//298 
f 307//298 338//298 369//298 
f 303//298 370//298 337//298 
f 303//298 371//298 339//298 
f 303//298 372//298 373//298 
f 303//298 374//298 375//298 
f 303//298 376//298 341//298 
f 303//298 377//298 378//298 
f 344//298 319//298 303//298 
f 345//298 379//298 303//298 
f 302//298 380//298 381//298 
f 302//298 382//298 383//298 
f 327//298 384//298 302//298 
f 302//298 385//298 386//298 
f 302//298 387//298 388//298 
f 302//298 389//298 347//298 
f 302//298 390//298 349//298 
f 329//298 351//298 302//298 
f 355//298 331//298 305//298 
f 305//298 391//298 356//298 
f 359//298 392//298 305//298 
f 362//298 360//298 305//298 
f 305//298 393//298 322//298 
f 305//298 394//298 395//298 
f 367//298 364//298 307//298 
f 307//298 396//298 368//298 
f 307//298 397//298 398//298 
f 338//298 307//298 303//298 
f 373//298 371//298 303//298 
f 303//298 399//298 374//298 
f 378//298 376//298 303//298 
f 303//298 400//298 401//298 
f 379//298 343//298 303//298 
f 302//298 402//298 380//298 
f 383//298 403//298 302//298 
f 386//298 346//298 302//298 
f 388//298 404//298 302//298 
f 350//298 389//298 302//298 
f 330//298 353//298 302//298 
f 305//298 405//298 406//298 
f 305//298 407//298 408//298 
f 392//298 391//298 305//298 
f 363//298 332//298 305//298 
f 395//298 409//298 305//298 
f 307//298 410//298 411//298 
f 307//298 412//298 366//298 
f 307//298 413//298 414//298 
f 398//298 396//298 307//298 
f 307//298 415//298 416//298 
f 340//298 370//298 303//298 
f 342//298 399//298 303//298 
f 303//298 417//298 418//298 
f 303//298 419//298 420//298 
f 324//298 400//298 303//298 
f 403//298 402//298 302//298 
f 302//298 421//298 422//298 
f 302//298 423//298 424//298 
f 404//298 385//298 302//298 
f 352//298 390//298 302//298 
f 406//298 425//298 305//298 
f 305//298 426//298 427//298 
f 408//298 428//298 305//298 
f 361//298 358//298 305//298 
f 305//298 429//298 394//298 
f 305//298 307//298 430//298 
f 307//298 431//298 432//298 
f 365//298 410//298 307//298 
f 307//298 433//298 434//298 
f 307//298 435//298 436//298 
f 307//298 437//298 438//298 
f 414//298 439//298 307//298 
f 416//298 397//298 307//298 
f 375//298 372//298 303//298 
f 303//298 440//298 441//298 
f 303//298 442//298 417//298 
f 303//298 443//298 444//298 
f 401//298 419//298 303//298 
f 422//298 382//298 302//298 
f 384//298 423//298 302//298 
f 425//298 354//298 305//298 
f 428//298 426//298 305//298 
f 409//298 393//298 305//298 
f 430//298 445//298 305//298 
f 307//298 446//298 447//298 
f 307//298 448//298 449//298 
f 307//298 450//298 451//298 
f 432//298 452//298 307//298 
f 434//298 412//298 307//298 
f 307//298 453//298 435//298 
f 439//298 437//298 307//298 
f 369//298 415//298 307//298 
f 418//298 440//298 303//298 
f 420//298 443//298 303//298 
f 424//298 421//298 302//298 
f 427//298 405//298 305//298 
f 445//298 429//298 305//298 
f 449//298 446//298 307//298 
f 452//298 450//298 307//298 
f 436//298 433//298 307//298 
f 336//298 413//298 307//298 
f 444//298 442//298 303//298 
f 348//298 387//298 302//298 
f 447//298 430//298 307//298 
f 411//298 431//298 307//298 
f 441//298 377//298 303//298 
f 357//298 407//298 305//298 
f 438//298 453//298 307//298 
f 451//298 448//298 307//298 
f 381//298 345//298 302//298 
o mesh13
f 445//299 430//300 454//300 
f 429//301 445//299 455//302 
f 394//303 429//301 456//304 
f 395//305 394//303 457//306 
f 409//307 395//305 458//308 
f 393//309 409//307 459//310 
f 322//311 393//309 460//312 
f 323//313 322//311 461//314 
f 334//315 323//313 462//316 
f 363//317 334//315 463//318 
f 332//319 363//317 464//320 
f 333//321 332//319 465//322 
f 362//323 333//321 466//324 
f 360//325 362//323 467//326 
f 361//327 360//325 468//328 
f 358//329 361//327 469//330 
f 359//331 358//329 470//332 
f 392//333 359//331 471//334 
f 391//335 392//333 472//336 
f 356//337 391//335 473//338 
f 357//339 356//337 474//340 
f 407//341 357//339 475//342 
f 408//343 407//341 476//344 
f 428//345 408//343 477//346 
f 426//347 428//345 478//348 
f 427//349 426//347 479//350 
f 405//351 427//349 480//352 
f 406//353 405//351 481//354 
f 425//355 406//353 482//356 
f 354//357 425//355 483//358 
f 355//359 354//357 484//360 
f 331//361 355//359 485//362 
f 315//363 331//361 486//364 
f 316//365 315//363 487//366 
f 321//367 316//365 488//368 
f 312//369 321//367 489//370 
f 310//371 312//369 490//372 
f 311//373 310//371 491//374 
f 313//375 311//373 492//376 
f 314//377 313//375 493//378 
f 330//379 314//377 494//380 
f 353//381 330//379 495//382 
f 328//383 353//381 496//384 
f 329//385 328//383 497//386 
f 351//387 329//385 498//388 
f 352//389 351//387 499//390 
f 390//391 352//389 500//392 
f 349//393 390//391 501//394 
f 350//395 349//393 502//396 
f 389//397 350//395 503//398 
f 347//399 389//397 504//400 
f 348//401 347//399 505//402 
f 387//403 348//401 506//404 
f 388//405 387//403 507//406 
f 404//407 388//405 508//408 
f 385//409 404//407 509//410 
f 386//411 385//409 510//412 
f 346//413 386//411 511//414 
f 326//415 346//413 512//416 
f 327//417 326//415 513//418 
f 384//419 327//417 514//420 
f 423//421 384//419 515//422 
f 424//423 423//421 516//424 
f 421//425 424//423 517//426 
f 422//427 421//425 518//428 
f 382//429 422//427 519//430 
f 383//431 382//429 520//432 
f 403//433 383//431 521//434 
f 402//435 403//433 522//436 
f 380//437 402//435 523//438 
f 381//439 380//437 524//440 
f 345//441 381//439 525//442 
f 379//443 345//441 526//444 
f 343//445 379//443 527//446 
f 344//447 343//445 528//448 
f 319//449 344//447 529//450 
f 320//451 319//449 530//452 
f 325//453 320//451 531//454 
f 317//455 325//453 532//456 
f 318//457 317//455 533//458 
f 324//459 318//457 534//460 
f 400//461 324//459 535//462 
f 401//463 400//461 536//464 
f 419//465 401//463 537//466 
f 420//467 419//465 538//468 
f 443//469 420//467 539//470 
f 444//471 443//469 540//472 
f 442//473 444//471 541//474 
f 417//475 442//473 542//476 
f 418//477 417//475 543//478 
f 440//479 418//477 544//480 
f 441//481 440//479 545//482 
f 377//483 441//481 546//484 
f 378//485 377//483 547//486 
f 376//487 378//485 548//488 
f 341//489 376//487 549//490 
f 342//491 341//489 550//492 
f 399//493 342//491 551//494 
f 374//495 399//493 552//496 
f 375//497 374//495 553//498 
f 372//499 375//497 554//500 
f 373//501 372//499 555//502 
f 371//503 373//501 556//504 
f 339//505 371//503 557//506 
f 340//507 339//505 558//508 
f 370//509 340//507 559//510 
f 337//511 370//509 560//512 
f 338//513 337//511 561//514 
f 369//515 338//513 562//516 
f 415//517 369//515 563//518 
f 416//519 415//517 564//520 
f 397//521 416//519 565//522 
f 398//523 397//521 566//524 
f 396//525 398//523 567//526 
f 368//527 396//525 568//528 
f 335//529 368//527 569//530 
f 336//531 335//529 570//532 
f 413//533 336//531 571//534 
f 414//535 413//533 572//536 
f 439//537 414//535 573//538 
f 437//539 439//537 574//540 
f 438//541 437//539 575//542 
f 453//543 438//541 576//544 
f 435//545 453//543 577//546 
f 436//547 435//545 578//548 
f 433//549 436//547 579//550 
f 434//551 433//549 580//552 
f 412//553 434//551 581//554 
f 366//555 412//553 582//556 
f 367//557 366//555 583//558 
f 364//559 367//557 584//560 
f 365//561 364//559 585//562 
f 410//563 365//561 586//564 
f 411//565 410//563 587//566 
f 431//567 411//565 588//568 
f 432//569 431//567 589//570 
f 452//571 432//569 590//572 
f 450//573 452//571 591//574 
f 451//575 450//573 592//576 
f 448//577 451//575 593//578 
f 449//579 448//577 594//580 
f 446//581 449//579 595//582 
f 447//583 446//581 596//584 
f 430//300 447//583 597//583 
f 597//583 454//300 430//300 
f 596//584 597//583 447//583 
f 595//582 596//584 446//581 
f 594//580 595//582 449//579 
f 593//578 594//580 448//577 
f 592//576 593//578 451//575 
f 591//574 592//576 450//573 
f 590//572 591//574 452//571 
f 589//570 590//572 432//569 
f 588//568 589//570 431//567 
f 587//566 588//568 411//565 
f 586//564 587//566 410//563 
f 585//562 586//564 365//561 
f 584//560 585//562 364//559 
f 583//558 584//560 367//557 
f 582//556 583//558 366//555 
f 581//554 582//556 412//553 
f 580//552 581//554 434//551 
f 579//550 580//552 433//549 
f 578//548 579//550 436//547 
f 577//546 578//548 435//545 
f 576//544 577//546 453//543 
f 575//542 576//544 438//541 
f 574//540 575//542 437//539 
f 573//538 574//540 439//537 
f 572//536 573//538 414//535 
f 571//534 572//536 413//533 
f 570//532 571//534 336//531 
f 569//530 570//532 335//529 
f 568//528 569//530 368//527 
f 567//526 568//528 396//525 
f 566//524 567//526 398//523 
f 565//522 566//524 397//521 
f 564//520 565//522 416//519 
f 563//518 564//520 415//517 
f 562//516 563//518 369//515 
f 561//514 562//516 338//513 
f 560//512 561//514 337//511 
f 559//510 560//512 370//509 
f 558//508 559//510 340//507 
f 557//506 558//508 339//505 
f 556//504 557//506 371//503 
f 555//502 556//504 373//501 
f 554//500 555//502 372//499 
f 553//498 554//500 375//497 
f 552//496 553//498 374//495 
f 551//494 552//496 399//493 
f 550//492 551//494 342//491 
f 549//490 550//492 341//489 
f 548//488 549//490 376//487 
f 547//486 548//488 378//485 
f 546//484 547//486 377//483 
f 545//482 546//484 441//481 
f 544//480 545//482 440//479 
f 543//478 544//480 418//477 
f 542//476 543//478 417//475 
f 541//474 542//476 442//473 
f 540//472 541//474 444//471 
f 539//470 540//472 443//469 
f 538//468 539//470 420//467 
f 537//466 538//468 419//465 
f 536//464 537//466 401//463 
f 535//462 536//464 400//461 
f 534//460 535//462 324//459 
f 533//458 534//460 318//457 
f 532//456 533//458 317//455 
f 531//454 532//456 325//453 
f 530//452 531//454 320//451 
f 529//450 530//452 319//449 
f 528//448 529//450 344//447 
f 527//446 528//448 343//445 
f 526//444 527//446 379//443 
f 525//442 526//444 345//441 
f 524//440 525//442 381//439 
f 523//438 524//440 380//437 
f 522//436 523//438 402//435 
f 521//434 522//436 403//433 
f 520//432 521//434 383//431 
f 519//430 520//432 382//429 
f 518//428 519//430 422//427 
f 517//426 518//428 421//425 
f 516//424 517//426 424//423 
f 515//422 516//424 423//421 
f 514//420 515//422 384//419 
f 513//418 514//420 327//417 
f 512//416 513//418 326//415 
f 511//414 512//416 346//413 
f 510//412 511//414 386//411 
f 509//410 510//412 385//409 
f 508//408 509//410 404//407 
f 507//406 508//408 388//405 
f 506//404 507//406 387//403 
f 505//402 506//404 348//401 
f 504//400 505//402 347//399 
f 503//398 504//400 389//397 
f 502//396 503//398 350//395 
f 501//394 502//396 349//393 
f 500//392 501//394 390//391 
f 499//390 500//392 352//389 
f 498//388 499//390 351//387 
f 497//386 498//388 329//385 
f 496//384 497//386 328//383 
f 495//382 496//384 353//381 
f 494//380 495//382 330//379 
f 493//378 494//380 314//377 
f 492//376 493//378 313//375 
f 491//374 492//376 311//373 
f 490//372 491//374 310//371 
f 489//370 490//372 312//369 
f 488//368 489//370 321//367 
f 487//366 488//368 316//365 
f 486//364 487//366 315//363 
f 485//362 486//364 331//361 
f 484//360 485//362 355//359 
f 483//358 484//360 354//357 
f 482//356 483//358 425//355 
f 481//354 482//356 406//353 
f 480//352 481//354 405//351 
f 479//350 480//352 427//349 
f 478//348 479//350 426//347 
f 477//346 478//348 428//345 
f 476//344 477//346 408//343 
f 475//342 476//344 407//341 
f 474//340 475//342 357//339 
f 473//338 474//340 356//337 
f 472//336 473//338 391//335 
f 471//334 472//336 392//333 
f 470//332 471//334 359//331 
f 469//330 470//332 358//329 
f 468//328 469//330 361//327 
f 467//326 468//328 360//325 
f 466//324 467//326 362//323 
f 465//322 466//324 333//321 
f 464//320 465//322 332//319 
f 463//318 464//320 363//317 
f 462//316 463//318 334//315 
f 461//314 462//316 323//313 
f 460//312 461//314 322//311 
f 459//310 460//312 393//309 
f 458//308 459//310 409//307 
f 457//306 458//308 395//305 
f 456//304 457//306 394//303 
f 455//302 456//304 429//301 
f 454//300 455//302 445//299 
usemtl 0.972549_0.529412_0.003922_0.000000_0.000000
o mesh14
f 598//585 597//585 596//585 
f 596//585 595//585 598//585 
f 595//585 594//585 598//585 
f 594//585 593//585 598//585 
f 593//585 592//585 598//585 
f 592//585 591//585 598//585 
f 591//585 590//585 598//585 
f 590//585 589//585 598//585 
f 589//585 588//585 598//585 
f 588//585 587//585 598//585 
f 587//585 586//585 598//585 
f 586//585 585//585 598//585 
f 585//585 584//585 598//585 
f 584//585 583//585 598//585 
f 583//585 582//585 598//585 
f 582//585 581//585 598//585 
f 581//585 580//585 598//585 
f 580//585 579//585 598//585 
f 579//585 578//585 598//585 
f 578//585 577//585 598//585 
f 577//585 576//585 598//585 
f 576//585 575//585 598//585 
f 575//585 574//585 598//585 
f 574//585 573//585 598//585 
f 573//585 572//585 598//585 
f 572//585 571//585 598//585 
f 571//585 570//585 598//585 
f 570//585 569//585 598//585 
f 569//585 568//585 598//585 
f 568//585 567//585 598//585 
f 567//585 566//585 598//585 
f 566//585 565//585 598//585 
f 565//585 564//585 598//585 
f 564//585 563//585 598//585 
f 563//585 562//585 598//585 
f 562//585 561//585 598//585 
f 561//585 560//585 598//585 
f 560//585 559//585 598//585 
f 559//585 558//585 598//585 
f 558//585 557//585 598//585 
f 557//585 556//585 598//585 
f 556//585 555//585 598//585 
f 555//585 554//585 598//585 
f 554//585 553//585 598//585 
f 553//585 552//585 598//585 
f 552//585 551//585 598//585 
f 551//585 550//585 598//585 
f 550//585 549//585 598//585 
f 549//585 548//585 598//585 
f 548//585 547//585 598//585 
f 547//585 546//585 598//585 
f 546//585 545//585 598//585 
f 545//585 544//585 598//585 
f 544//585 543//585 598//585 
f 543//585 542//585 598//585 
f 542//585 541//585 598//585 
f 541//585 540//585 598//585 
f 540//585 539//585 598//585 
f 539//585 538//585 598//585 
f 538//585 537//585 598//585 
f 537//585 536//585 598//585 
f 536//585 535//585 598//585 
f 535//585 534//585 598//585 
f 534//585 533//585 598//585 
f 533//585 532//585 598//585 
f 532//585 531//585 598//585 
f 531//585 530//585 598//585 
f 530//585 529//585 598//585 
f 529//585 528//585 598//585 
f 528//585 527//585 598//585 
f 527//585 526//585 598//585 
f 526//585 525//585 598//585 
f 525//585 524//585 598//585 
f 524//585 523//585 598//585 
f 523//585 522//585 598//585 
f 522//585 521//585 598//585 
f 521//585 520//585 598//585 
f 520//585 519//585 598//585 
f 519//585 518//585 598//585 
f 518//585 517//585 598//585 
f 517//585 516//585 598//585 
f 516//585 515//585 598//585 
f 515//585 514//585 598//585 
f 514//585 513//585 598//585 
f 513//585 512//585 598//585 
f 512//585 511//585 598//585 
f 511//585 510//585 598//585 
f 510//585 509//585 598//585 
f 509//585 508//585 598//585 
f 508//585 507//585 598//585 
f 507//585 506//585 598//585 
f 506//585 505//585 598//585 
f 505//585 504//585 598//585 
f 504//585 503//585 598//585 
f 503//585 502//585 598//585 
f 502//585 501//585 598//585 
f 501//585 500//585 598//585 
f 500//585 499//585 598//585 
f 499//585 498//585 598//585 
f 498//585 497//585 598//585 
f 497//585 496//585 598//585 
f 496//585 495//585 598//585 
f 495//585 494//585 598//585 
f 494//585 493//585 598//585 
f 493//585 492//585 598//585 
f 492//585 491//585 598//585 
f 491//585 490//585 598//585 
f 490//585 489//585 598//585 
f 489//585 488//585 598//585 
f 488//585 487//585 598//585 
f 487//585 486//585 598//585 
f 486//585 485//585 598//585 
f 485//585 484//585 598//585 
f 484//585 483//585 598//585 
f 483//585 482//585 598//585 
f 482//585 481//585 598//585 
f 481//585 480//585 598//585 
f 480//585 479//585 598//585 
f 479//585 478//585 598//585 
f 478//585 477//585 598//585 
f 477//585 476//585 598//585 
f 476//585 475//585 598//585 
f 475//585 474//585 598//585 
f 474//585 473//585 598//585 
f 473//585 472//585 598//585 
f 472//585 471//585 598//585 
f 471//585 470//585 598//585 
f 470//585 469//585 598//585 
f 469//585 468//585 598//585 
f 468//585 467//585 598//585 
f 467//585 466//585 598//585 
f 466//585 465//585 598//585 
f 465//585 464//585 598//585 
f 464//585 463//585 598//585 
f 463//585 462//585 598//585 
f 462//585 461//585 598//585 
f 461//585 460//585 598//585 
f 460//585 459//585 598//585 
f 459//585 458//585 598//585 
f 458//585 457//585 598//585 
f 457//585 456//585 598//585 
f 456//585 455//585 598//585 
f 455//585 454//585 598//585 
f 454//585 597//585 598//585 
usemtl 0.917647_0.917647_0.917647_0.000000_0.000000
o mesh15
f 599//586 600//586 601//586 
f 600//586 602//586 603//586 
f 601//586 604//586 599//586 
f 605//586 606//586 607//586 
f 608//586 609//586 610//586 
f 599//586 602//586 600//586 
f 607//586 611//586 605//586 
f 612//586 613//586 614//586 
f 610//586 615//586 608//586 
f 611//586 600//586 605//586 
f 616//586 617//586 612//586 
f 618//586 619//586 609//586 
f 618//586 620//586 621//586 
f 603//586 605//586 600//586 
f 615//586 622//586 623//586 
f 615//586 624//586 625//586 
f 626//586 627//586 628//586 
f 614//586 616//586 612//586 
f 629//586 630//586 631//586 
f 632//586 633//586 634//586 
f 618//586 635//586 619//586 
f 618//586 636//586 620//586 
f 623//586 606//586 615//586 
f 625//586 637//586 615//586 
f 615//586 638//586 639//586 
f 640//586 301//586 641//586 
f 301//586 642//586 643//586 
f 626//586 644//586 627//586 
f 631//586 617//586 629//586 
f 645//586 646//586 647//586 
f 645//586 648//586 649//586 
f 632//586 650//586 633//586 
f 621//586 635//586 618//586 
f 618//586 632//586 651//586 
f 637//586 622//586 615//586 
f 615//586 610//586 638//586 
f 301//586 652//586 641//586 
f 301//586 653//586 642//586 
f 654//586 655//586 656//586 
f 654//586 657//586 658//586 
f 654//586 659//586 660//586 
f 654//586 645//586 661//586 
f 626//586 629//586 644//586 
f 629//586 626//586 630//586 
f 649//586 646//586 645//586 
f 645//586 654//586 662//586 
f 300//586 663//586 664//586 
f 300//586 665//586 666//586 
f 300//586 667//586 668//586 
f 300//586 669//586 670//586 
f 300//586 671//586 672//586 
f 300//586 673//586 674//586 
f 632//586 675//586 676//586 
f 632//586 677//586 650//586 
f 632//586 678//586 679//586 
f 632//586 680//586 681//586 
f 632//586 618//586 682//586 
f 651//586 636//586 618//586 
f 639//586 624//586 615//586 
f 640//586 683//586 684//586 
f 640//586 685//586 686//586 
f 301//586 687//586 652//586 
f 643//586 688//586 301//586 
f 654//586 689//586 690//586 
f 654//586 691//586 692//586 
f 654//586 693//586 655//586 
f 658//586 694//586 654//586 
f 654//586 695//586 696//586 
f 661//586 659//586 654//586 
f 616//586 629//586 617//586 
f 662//586 648//586 645//586 
f 301//586 697//586 698//586 
f 664//586 699//586 300//586 
f 300//586 700//586 701//586 
f 300//586 702//586 703//586 
f 300//586 704//586 665//586 
f 670//586 667//586 300//586 
f 674//586 671//586 300//586 
f 300//586 705//586 706//586 
f 632//586 707//586 675//586 
f 679//586 677//586 632//586 
f 682//586 680//586 632//586 
f 605//586 615//586 606//586 
f 640//586 708//586 709//586 
f 686//586 683//586 640//586 
f 688//586 687//586 301//586 
f 613//586 710//586 711//586 
f 692//586 689//586 654//586 
f 694//586 693//586 654//586 
f 660//586 695//586 654//586 
f 647//586 626//586 645//586 
f 301//586 712//586 697//586 
f 301//586 713//586 714//586 
f 304//586 715//586 716//586 
f 699//586 717//586 300//586 
f 703//586 700//586 300//586 
f 300//586 718//586 704//586 
f 300//586 719//586 720//586 
f 300//586 721//586 722//586 
f 672//586 669//586 300//586 
f 706//586 723//586 300//586 
f 705//586 724//586 725//586 
f 705//586 726//586 727//586 
f 634//586 707//586 632//586 
f 608//586 618//586 609//586 
f 640//586 728//586 708//586 
f 641//586 685//586 640//586 
f 711//586 729//586 613//586 
f 604//586 730//586 711//586 
f 656//586 691//586 654//586 
f 628//586 645//586 626//586 
f 309//586 731//586 732//586 
f 309//586 733//586 734//586 
f 301//586 735//586 736//586 
f 714//586 712//586 301//586 
f 301//586 737//586 738//586 
f 300//586 739//586 740//586 
f 300//586 741//586 742//586 
f 300//586 743//586 744//586 
f 716//586 745//586 304//586 
f 300//586 746//586 747//586 
f 701//586 663//586 300//586 
f 300//586 748//586 749//586 
f 300//586 750//586 718//586 
f 722//586 719//586 300//586 
f 723//586 673//586 300//586 
f 727//586 724//586 705//586 
f 301//586 751//586 752//586 
f 681//586 678//586 632//586 
f 684//586 728//586 640//586 
f 711//586 710//586 604//586 
f 696//586 657//586 654//586 
f 726//586 705//586 753//586 
f 734//586 731//586 309//586 
f 309//586 754//586 755//586 
f 309//586 756//586 757//586 
f 301//586 758//586 735//586 
f 301//586 759//586 760//586 
f 301//586 761//586 762//586 
f 301//586 763//586 713//586 
f 301//586 764//586 765//586 
f 301//586 766//586 737//586 
f 301//586 767//586 768//586 
f 301//586 769//586 770//586 
f 301//586 771//586 772//586 
f 301//586 773//586 774//586 
f 301//586 300//586 775//586 
f 742//586 739//586 300//586 
f 744//586 776//586 300//586 
f 745//586 777//586 304//586 
f 300//586 778//586 746//586 
f 749//586 702//586 300//586 
f 720//586 750//586 300//586 
f 725//586 706//586 705//586 
f 301//586 640//586 751//586 
f 709//586 632//586 640//586 
f 604//586 601//586 730//586 
f 753//586 654//586 726//586 
f 300//586 779//586 780//586 
f 300//586 781//586 782//586 
f 309//586 783//586 784//586 
f 755//586 733//586 309//586 
f 309//586 785//586 786//586 
f 309//586 787//586 756//586 
f 309//586 788//586 789//586 
f 304//586 790//586 791//586 
f 304//586 792//586 793//586 
f 301//586 794//586 795//586 
f 301//586 796//586 758//586 
f 301//586 797//586 759//586 
f 762//586 798//586 301//586 
f 765//586 763//586 301//586 
f 768//586 766//586 301//586 
f 301//586 799//586 800//586 
f 301//586 801//586 769//586 
f 774//586 771//586 301//586 
f 300//586 802//586 775//586 
f 776//586 741//586 300//586 
f 300//586 803//586 804//586 
f 777//586 805//586 304//586 
f 301//586 806//586 715//586 
f 301//586 807//586 808//586 
f 717//586 778//586 300//586 
f 668//586 721//586 300//586 
f 676//586 640//586 632//586 
f 690//586 726//586 654//586 
f 300//586 809//586 810//586 
f 780//586 811//586 300//586 
f 782//586 812//586 300//586 
f 300//586 309//586 813//586 
f 732//586 783//586 309//586 
f 309//586 814//586 815//586 
f 309//586 816//586 817//586 
f 309//586 818//586 819//586 
f 309//586 820//586 821//586 
f 309//586 822//586 785//586 
f 309//586 823//586 824//586 
f 789//586 787//586 309//586 
f 309//586 825//586 826//586 
f 309//586 827//586 828//586 
f 309//586 829//586 830//586 
f 309//586 304//586 831//586 
f 793//586 790//586 304//586 
f 304//586 832//586 833//586 
f 304//586 834//586 835//586 
f 304//586 836//586 837//586 
f 736//586 794//586 301//586 
f 798//586 797//586 301//586 
f 301//586 838//586 764//586 
f 800//586 767//586 301//586 
f 772//586 801//586 301//586 
f 740//586 802//586 300//586 
f 804//586 839//586 300//586 
f 715//586 304//586 301//586 
f 301//586 840//586 807//586 
f 301//586 841//586 842//586 
f 666//586 748//586 300//586 
f 729//586 614//586 613//586 
f 300//586 843//586 809//586 
f 812//586 779//586 300//586 
f 300//586 844//586 845//586 
f 300//586 846//586 847//586 
f 309//586 848//586 813//586 
f 815//586 754//586 309//586 
f 819//586 816//586 309//586 
f 786//586 820//586 309//586 
f 757//586 823//586 309//586 
f 309//586 849//586 825//586 
f 830//586 827//586 309//586 
f 304//586 850//586 831//586 
f 833//586 792//586 304//586 
f 835//586 851//586 304//586 
f 304//586 852//586 836//586 
f 760//586 796//586 301//586 
f 738//586 838//586 301//586 
f 775//586 773//586 301//586 
f 839//586 853//586 300//586 
f 808//586 806//586 301//586 
f 842//586 854//586 301//586 
f 752//586 841//586 301//586 
f 811//586 843//586 300//586 
f 300//586 855//586 844//586 
f 300//586 856//586 857//586 
f 813//586 846//586 300//586 
f 817//586 814//586 309//586 
f 309//586 858//586 859//586 
f 824//586 822//586 309//586 
f 828//586 849//586 309//586 
f 791//586 850//586 304//586 
f 304//586 860//586 861//586 
f 304//586 862//586 863//586 
f 837//586 834//586 304//586 
f 304//586 864//586 865//586 
f 698//586 761//586 301//586 
f 853//586 743//586 300//586 
f 854//586 840//586 301//586 
f 810//586 705//586 300//586 
f 857//586 855//586 300//586 
f 784//586 848//586 309//586 
f 821//586 858//586 309//586 
f 831//586 829//586 309//586 
f 861//586 866//586 304//586 
f 304//586 867//586 868//586 
f 851//586 862//586 304//586 
f 304//586 869//586 870//586 
f 304//586 871//586 872//586 
f 304//586 873//586 864//586 
f 770//586 799//586 301//586 
f 747//586 803//586 300//586 
f 847//586 856//586 300//586 
f 309//586 874//586 875//586 
f 826//586 788//586 309//586 
f 866//586 876//586 304//586 
f 863//586 867//586 304//586 
f 304//586 877//586 878//586 
f 304//586 879//586 869//586 
f 304//586 880//586 871//586 
f 304//586 881//586 873//586 
f 805//586 881//586 304//586 
f 300//586 882//586 883//586 
f 875//586 818//586 309//586 
f 876//586 832//586 304//586 
f 304//586 884//586 885//586 
f 878//586 852//586 304//586 
f 304//586 886//586 879//586 
f 865//586 880//586 304//586 
f 883//586 781//586 300//586 
f 859//586 874//586 309//586 
f 868//586 884//586 304//586 
f 872//586 886//586 304//586 
f 845//586 882//586 300//586 
f 870//586 877//586 304//586 
f 885//586 860//586 304//586 
f 795//586 653//586 301//586 
o mesh16
f 642//587 653//588 887//588 
f 643//589 642//587 888//590 
f 688//591 643//589 889//592 
f 687//593 688//591 890//594 
f 652//595 687//593 891//596 
f 641//597 652//595 892//598 
f 685//599 641//597 893//600 
f 686//601 685//599 894//602 
f 683//603 686//601 895//604 
f 684//605 683//603 896//606 
f 728//607 684//605 897//608 
f 708//609 728//607 898//610 
f 709//611 708//609 899//612 
f 632//613 709//611 900//614 
f 651//615 632//613 901//616 
f 636//617 651//615 902//618 
f 620//619 636//617 903//620 
f 621//621 620//619 904//622 
f 635//623 621//621 905//624 
f 619//625 635//623 906//626 
f 609//627 619//625 907//628 
f 610//629 609//627 908//630 
f 638//631 610//629 909//632 
f 639//633 638//631 910//634 
f 624//635 639//633 911//636 
f 625//637 624//635 912//638 
f 637//639 625//637 913//640 
f 622//641 637//639 914//642 
f 623//643 622//641 915//644 
f 606//645 623//643 916//646 
f 607//647 606//645 917//648 
f 611//649 607//647 918//650 
f 600//651 611//649 919//652 
f 601//653 600//651 920//654 
f 730//655 601//653 921//656 
f 711//657 730//655 922//658 
f 729//659 711//657 923//660 
f 614//661 729//659 924//662 
f 616//663 614//661 925//664 
f 629//665 616//663 926//666 
f 644//667 629//665 927//668 
f 627//669 644//667 928//670 
f 628//671 627//669 929//672 
f 645//673 628//671 930//674 
f 661//675 645//673 931//676 
f 659//677 661//675 932//678 
f 660//679 659//677 933//680 
f 695//681 660//679 934//682 
f 696//683 695//681 935//684 
f 657//685 696//683 936//686 
f 658//687 657//685 937//688 
f 694//689 658//687 938//690 
f 693//691 694//689 939//692 
f 655//693 693//691 940//694 
f 656//695 655//693 941//696 
f 691//697 656//695 942//698 
f 692//699 691//697 943//700 
f 689//701 692//699 944//702 
f 690//703 689//701 945//704 
f 726//705 690//703 946//706 
f 727//707 726//705 947//708 
f 724//709 727//707 948//710 
f 725//711 724//709 949//712 
f 706//713 725//711 950//714 
f 723//715 706//713 951//716 
f 673//717 723//715 952//718 
f 674//719 673//717 953//720 
f 671//721 674//719 954//722 
f 672//723 671//721 955//724 
f 669//725 672//723 956//726 
f 670//727 669//725 957//728 
f 667//729 670//727 958//730 
f 668//731 667//729 959//732 
f 721//733 668//731 960//734 
f 722//735 721//733 961//736 
f 719//737 722//735 962//738 
f 720//739 719//737 963//740 
f 750//741 720//739 964//742 
f 718//743 750//741 965//744 
f 704//745 718//743 966//746 
f 665//747 704//745 967//748 
f 666//749 665//747 968//750 
f 748//751 666//749 969//752 
f 749//753 748//751 970//754 
f 702//755 749//753 971//756 
f 703//757 702//755 972//758 
f 700//759 703//757 973//760 
f 701//761 700//759 974//762 
f 663//763 701//761 975//764 
f 664//765 663//763 976//766 
f 699//767 664//765 977//768 
f 717//769 699//767 978//770 
f 778//771 717//769 979//772 
f 746//773 778//771 980//774 
f 747//775 746//773 981//776 
f 803//777 747//775 982//778 
f 804//779 803//777 983//780 
f 839//781 804//779 984//782 
f 853//783 839//781 985//784 
f 743//785 853//783 986//786 
f 744//787 743//785 987//788 
f 776//789 744//787 988//790 
f 741//791 776//789 989//792 
f 742//793 741//791 990//794 
f 739//795 742//793 991//796 
f 740//797 739//795 992//798 
f 802//799 740//797 993//800 
f 775//801 802//799 994//802 
f 773//803 775//801 995//804 
f 774//805 773//803 996//806 
f 771//807 774//805 997//808 
f 772//809 771//807 998//810 
f 801//811 772//809 999//812 
f 769//813 801//811 1000//814 
f 770//815 769//813 1001//816 
f 799//817 770//815 1002//818 
f 800//819 799//817 1003//820 
f 767//821 800//819 1004//822 
f 768//823 767//821 1005//824 
f 766//825 768//823 1006//826 
f 737//827 766//825 1007//828 
f 738//829 737//827 1008//830 
f 838//831 738//829 1009//832 
f 764//833 838//831 1010//834 
f 765//835 764//833 1011//836 
f 763//837 765//835 1012//838 
f 713//839 763//837 1013//840 
f 714//841 713//839 1014//842 
f 712//843 714//841 1015//844 
f 697//845 712//843 1016//846 
f 698//847 697//845 1017//848 
f 761//849 698//847 1018//850 
f 762//851 761//849 1019//852 
f 798//853 762//851 1020//854 
f 797//855 798//853 1021//856 
f 759//857 797//855 1022//858 
f 760//859 759//857 1023//860 
f 796//861 760//859 1024//862 
f 758//863 796//861 1025//864 
f 735//865 758//863 1026//866 
f 736//867 735//865 1027//868 
f 794//869 736//867 1028//870 
f 795//871 794//869 1029//872 
f 653//588 795//871 1030//871 
f 1030//871 887//588 653//588 
f 1029//872 1030//871 795//871 
f 1028//870 1029//872 794//869 
f 1027//868 1028//870 736//867 
f 1026//866 1027//868 735//865 
f 1025//864 1026//866 758//863 
f 1024//862 1025//864 796//861 
f 1023//860 1024//862 760//859 
f 1022//858 1023//860 759//857 
f 1021//856 1022//858 797//855 
f 1020//854 1021//856 798//853 
f 1019//852 1020//854 762//851 
f 1018//850 1019//852 761//849 
f 1017//848 1018//850 698//847 
f 1016//846 1017//848 697//845 
f 1015//844 1016//846 712//843 
f 1014//842 1015//844 714//841 
f 1013//840 1014//842 713//839 
f 1012//838 1013//840 763//837 
f 1011//836 1012//838 765//835 
f 1010//834 1011//836 764//833 
f 1009//832 1010//834 838//831 
f 1008//830 1009//832 738//829 
f 1007//828 1008//830 737//827 
f 1006//826 1007//828 766//825 
f 1005//824 1006//826 768//823 
f 1004//822 1005//824 767//821 
f 1003//820 1004//822 800//819 
f 1002//818 1003//820 799//817 
f 1001//816 1002//818 770//815 
f 1000//814 1001//816 769//813 
f 999//812 1000//814 801//811 
f 998//810 999//812 772//809 
f 997//808 998//810 771//807 
f 996//806 997//808 774//805 
f 995//804 996//806 773//803 
f 994//802 995//804 775//801 
f 993//800 994//802 802//799 
f 992//798 993//800 740//797 
f 991//796 992//798 739//795 
f 990//794 991//796 742//793 
f 989//792 990//794 741//791 
f 988//790 989//792 776//789 
f 987//788 988//790 744//787 
f 986//786 987//788 743//785 
f 985//784 986//786 853//783 
f 984//782 985//784 839//781 
f 983//780 984//782 804//779 
f 982//778 983//780 803//777 
f 981//776 982//778 747//775 
f 980//774 981//776 746//773 
f 979//772 980//774 778//771 
f 978//770 979//772 717//769 
f 977//768 978//770 699//767 
f 976//766 977//768 664//765 
f 975//764 976//766 663//763 
f 974//762 975//764 701//761 
f 973//760 974//762 700//759 
f 972//758 973//760 703//757 
f 971//756 972//758 702//755 
f 970//754 971//756 749//753 
f 969//752 970//754 748//751 
f 968//750 969//752 666//749 
f 967//748 968//750 665//747 
f 966//746 967//748 704//745 
f 965//744 966//746 718//743 
f 964//742 965//744 750//741 
f 963//740 964//742 720//739 
f 962//738 963//740 719//737 
f 961//736 962//738 722//735 
f 960//734 961//736 721//733 
f 959//732 960//734 668//731 
f 958//730 959//732 667//729 
f 957//728 958//730 670//727 
f 956//726 957//728 669//725 
f 955//724 956//726 672//723 
f 954//722 955//724 671//721 
f 953//720 954//722 674//719 
f 952//718 953//720 673//717 
f 951//716 952//718 723//715 
f 950//714 951//716 706//713 
f 949//712 950//714 725//711 
f 948//710 949//712 724//709 
f 947//708 948//710 727//707 
f 946//706 947//708 726//705 
f 945//704 946//706 690//703 
f 944//702 945//704 689//701 
f 943//700 944//702 692//699 
f 942//698 943//700 691//697 
f 941//696 942//698 656//695 
f 940//694 941//696 655//693 
f 939//692 940//694 693//691 
f 938//690 939//692 694//689 
f 937//688 938//690 658//687 
f 936//686 937//688 657//685 
f 935//684 936//686 696//683 
f 934//682 935//684 695//681 
f 933//680 934//682 660//679 
f 932//678 933//680 659//677 
f 931//676 932//678 661//675 
f 930//674 931//676 645//673 
f 929//672 930//674 628//671 
f 928//670 929//672 627//669 
f 927//668 928//670 644//667 
f 926//666 927//668 629//665 
f 925//664 926//666 616//663 
f 924//662 925//664 614//661 
f 923//660 924//662 729//659 
f 922//658 923//660 711//657 
f 921//656 922//658 730//655 
f 920//654 921//656 601//653 
f 919//652 920//654 600//651 
f 918//650 919//652 611//649 
f 917//648 918//650 607//647 
f 916//646 917//648 606//645 
f 915//644 916//646 623//643 
f 914//642 915//644 622//641 
f 913//640 914//642 637//639 
f 912//638 913//640 625//637 
f 911//636 912//638 624//635 
f 910//634 911//636 639//633 
f 909//632 910//634 638//631 
f 908//630 909//632 610//629 
f 907//628 908//630 609//627 
f 906//626 907//628 619//625 
f 905//624 906//626 635//623 
f 904//622 905//624 621//621 
f 903//620 904//622 620//619 
f 902//618 903//620 636//617 
f 901//616 902//618 651//615 
f 900//614 901//616 632//613 
f 899//612 900//614 709//611 
f 898//610 899//612 708//609 
f 897//608 898//610 728//607 
f 896//606 897//608 684//605 
f 895//604 896//606 683//603 
f 894//602 895//604 686//601 
f 893//600 894//602 685//599 
f 892//598 893//600 641//597 
f 891//596 892//598 652//595 
f 890//594 891//596 687//593 
f 889//592 890//594 688//591 
f 888//590 889//592 643//589 
f 887//588 888//590 642//587 
usemtl 1.000000_0.000000_0.000000_0.000000_0.000000
o mesh17
f 1031//873 1030//873 1029//873 
f 1029//873 1028//873 1031//873 
f 1028//873 1027//873 1031//873 
f 1027//873 1026//873 1031//873 
f 1026//873 1025//873 1031//873 
f 1025//873 1024//873 1031//873 
f 1024//873 1023//873 1031//873 
f 1023//873 1022//873 1031//873 
f 1022//873 1021//873 1031//873 
f 1021//873 1020//873 1031//873 
f 1020//873 1019//873 1031//873 
f 1019//873 1018//873 1031//873 
f 1018//873 1017//873 1031//873 
f 1017//873 1016//873 1031//873 
f 1016//873 1015//873 1031//873 
f 1015//873 1014//873 1031//873 
f 1014//873 1013//873 1031//873 
f 1013//873 1012//873 1031//873 
f 1012//873 1011//873 1031//873 
f 1011//873 1010//873 1031//873 
f 1010//873 1009//873 1031//873 
f 1009//873 1008//873 1031//873 
f 1008//873 1007//873 1031//873 
f 1007//873 1006//873 1031//873 
f 1006//873 1005//873 1031//873 
f 1005//873 1004//873 1031//873 
f 1004//873 1003//873 1031//873 
f 1003//873 1002//873 1031//873 
f 1002//873 1001//873 1031//873 
f 1001//873 1000//873 1031//873 
f 1000//873 999//873 1031//873 
f 999//873 998//873 1031//873 
f 998//873 997//873 1031//873 
f 997//873 996//873 1031//873 
f 996//873 995//873 1031//873 
f 995//873 994//873 1031//873 
f 994//873 993//873 1031//873 
f 993//873 992//873 1031//873 
f 992//873 991//873 1031//873 
f 991//873 990//873 1031//873 
f 990//873 989//873 1031//873 
f 989//873 988//873 1031//873 
f 988//873 987//873 1031//873 
f 987//873 986//873 1031//873 
f 986//873 985//873 1031//873 
f 985//873 984//873 1031//873 
f 984//873 983//873 1031//873 
f 983//873 982//873 1031//873 
f 982//873 981//873 1031//873 
f 981//873 980//873 1031//873 
f 980//873 979//873 1031//873 
f 979//873 978//873 1031//873 
f 978//873 977//873 1031//873 
f 977//873 976//873 1031//873 
f 976//873 975//873 1031//873 
f 975//873 974//873 1031//873 
f 974//873 973//873 1031//873 
f 973//873 972//873 1031//873 
f 972//873 971//873 1031//873 
f 971//873 970//873 1031//873 
f 970//873 969//873 1031//873 
f 969//873 968//873 1031//873 
f 968//873 967//873 1031//873 
f 967//873 966//873 1031//873 
f 966//873 965//873 1031//873 
f 965//873 964//873 1031//873 
f 964//873 963//873 1031//873 
f 963//873 962//873 1031//873 
f 962//873 961//873 1031//873 
f 961//873 960//873 1031//873 
f 960//873 959//873 1031//873 
f 959//873 958//873 1031//873 
f 958//873 957//873 1031//873 
f 957//873 956//873 1031//873 
f 956//873 955//873 1031//873 
f 955//873 954//873 1031//873 
f 954//873 953//873 1031//873 
f 953//873 952//873 1031//873 
f 952//873 951//873 1031//873 
f 951//873 950//873 1031//873 
f 950//873 949//873 1031//873 
f 949//873 948//873 1031//873 
f 948//873 947//873 1031//873 
f 947//873 946//873 1031//873 
f 946//873 945//873 1031//873 
f 945//873 944//873 1031//873 
f 944//873 943//873 1031//873 
f 943//873 942//873 1031//873 
f 942//873 941//873 1031//873 
f 941//873 940//873 1031//873 
f 940//873 939//873 1031//873 
f 939//873 938//873 1031//873 
f 938//873 937//873 1031//873 
f 937//873 936//873 1031//873 
f 936//873 935//873 1031//873 
f 935//873 934//873 1031//873 
f 934//873 933//873 1031//873 
f 933//873 932//873 1031//873 
f 932//873 931//873 1031//873 
f 931//873 930//873 1031//873 
f 930//873 929//873 1031//873 
f 929//873 928//873 1031//873 
f 928//873 927//873 1031//873 
f 927//873 926//873 1031//873 
f 926//873 925//873 1031//873 
f 925//873 924//873 1031//873 
f 924//873 923//873 1031//873 
f 923//873 922//873 1031//873 
f 922//873 921//873 1031//873 
f 921//873 920//873 1031//873 
f 920//873 919//873 1031//873 
f 919//873 918//873 1031//873 
f 918//873 917//873 1031//873 
f 917//873 916//873 1031//873 
f 916//873 915//873 1031//873 
f 915//873 914//873 1031//873 
f 914//873 913//873 1031//873 
f 913//873 912//873 1031//873 
f 912//873 911//873 1031//873 
f 911//873 910//873 1031//873 
f 910//873 909//873 1031//873 
f 909//873 908//873 1031//873 
f 908//873 907//873 1031//873 
f 907//873 906//873 1031//873 
f 906//873 905//873 1031//873 
f 905//873 904//873 1031//873 
f 904//873 903//873 1031//873 
f 903//873 902//873 1031//873 
f 902//873 901//873 1031//873 
f 901//873 900//873 1031//873 
f 900//873 899//873 1031//873 
f 899//873 898//873 1031//873 
f 898//873 897//873 1031//873 
f 897//873 896//873 1031//873 
f 896//873 895//873 1031//873 
f 895//873 894//873 1031//873 
f 894//873 893//873 1031//873 
f 893//873 892//873 1031//873 
f 892//873 891//873 1031//873 
f 891//873 890//873 1031//873 
f 890//873 889//873 1031//873 
f 889//873 888//873 1031//873 
f 888//873 887//873 1031//873 
f 887//873 1030//873 1031//873 
usemtl 0.917647_0.917647_0.917647_0.000000_0.000000
o mesh18
f 873//874 881//875 1032//875 
f 864//876 873//874 1033//877 
f 865//878 864//876 1034//879 
f 880//880 865//878 1035//881 
f 871//882 880//880 1036//883 
f 872//884 871//882 1037//885 
f 886//886 872//884 1038//887 
f 879//888 886//886 1039//889 
f 869//890 879//888 1040//891 
f 870//892 869//890 1041//893 
f 877//894 870//892 1042//895 
f 878//896 877//894 1043//897 
f 852//898 878//896 1044//899 
f 836//900 852//898 1045//901 
f 837//902 836//900 1046//903 
f 834//904 837//902 1047//905 
f 835//906 834//904 1048//907 
f 851//908 835//906 1049//909 
f 862//910 851//908 1050//911 
f 863//912 862//910 1051//913 
f 867//914 863//912 1052//915 
f 868//916 867//914 1053//917 
f 884//918 868//916 1054//919 
f 885//920 884//918 1055//921 
f 860//922 885//920 1056//923 
f 861//924 860//922 1057//925 
f 866//926 861//924 1058//927 
f 876//928 866//926 1059//929 
f 832//930 876//928 1060//931 
f 833//932 832//930 1061//933 
f 792//934 833//932 1062//935 
f 793//936 792//934 1063//937 
f 790//938 793//936 1064//939 
f 791//940 790//938 1065//941 
f 850//942 791//940 1066//943 
f 831//944 850//942 1067//945 
f 829//946 831//944 1068//947 
f 830//948 829//946 1069//949 
f 827//950 830//948 1070//951 
f 828//952 827//950 1071//953 
f 849//954 828//952 1072//955 
f 825//956 849//954 1073//957 
f 826//958 825//956 1074//959 
f 788//960 826//958 1075//961 
f 789//962 788//960 1076//963 
f 787//964 789//962 1077//965 
f 756//966 787//964 1078//967 
f 757//968 756//966 1079//969 
f 823//970 757//968 1080//971 
f 824//972 823//970 1081//973 
f 822//974 824//972 1082//975 
f 785//976 822//974 1083//977 
f 786//978 785//976 1084//979 
f 820//980 786//978 1085//981 
f 821//982 820//980 1086//983 
f 858//984 821//982 1087//985 
f 859//986 858//984 1088//987 
f 874//988 859//986 1089//989 
f 875//990 874//988 1090//991 
f 818//992 875//990 1091//993 
f 819//994 818//992 1092//995 
f 816//996 819//994 1093//997 
f 817//998 816//996 1094//999 
f 814//1000 817//998 1095//1001 
f 815//1002 814//1000 1096//1003 
f 754//1004 815//1002 1097//1005 
f 755//1006 754//1004 1098//1007 
f 733//1008 755//1006 1099//1009 
f 734//1010 733//1008 1100//1011 
f 731//1012 734//1010 1101//1013 
f 732//1014 731//1012 1102//1015 
f 783//1016 732//1014 1103//1017 
f 784//1018 783//1016 1104//1019 
f 848//1020 784//1018 1105//1021 
f 813//1022 848//1020 1106//1023 
f 846//1024 813//1022 1107//1025 
f 847//1026 846//1024 1108//1027 
f 856//1028 847//1026 1109//1029 
f 857//1030 856//1028 1110//1031 
f 855//1032 857//1030 1111//1033 
f 844//1034 855//1032 1112//1035 
f 845//1036 844//1034 1113//1037 
f 882//1038 845//1036 1114//1039 
f 883//1040 882//1038 1115//1041 
f 781//1042 883//1040 1116//1043 
f 782//1044 781//1042 1117//1045 
f 812//1046 782//1044 1118//1047 
f 779//1048 812//1046 1119//1049 
f 780//1050 779//1048 1120//1051 
f 811//1052 780//1050 1121//1053 
f 843//1054 811//1052 1122//1055 
f 809//1056 843//1054 1123//1057 
f 810//1058 809//1056 1124//1059 
f 705//1060 810//1058 1125//1061 
f 753//1062 705//1060 1126//1063 
f 654//1064 753//1062 1127//1065 
f 662//1066 654//1064 1128//1067 
f 648//1068 662//1066 1129//1069 
f 649//1070 648//1068 1130//1071 
f 646//1072 649//1070 1131//1073 
f 647//1074 646//1072 1132//1075 
f 626//1076 647//1074 1133//1077 
f 630//1078 626//1076 1134//1079 
f 631//1080 630//1078 1135//1081 
f 617//1082 631//1080 1136//1083 
f 612//1084 617//1082 1137//1085 
f 613//1086 612//1084 1138//1087 
f 710//1088 613//1086 1139//1089 
f 604//1090 710//1088 1140//1091 
f 599//1092 604//1090 1141//1093 
f 602//1094 599//1092 1142//1095 
f 603//1096 602//1094 1143//1097 
f 605//1098 603//1096 1144//1099 
f 615//1100 605//1098 1145//1101 
f 608//1102 615//1100 1146//1103 
f 618//1104 608//1102 1147//1105 
f 682//1106 618//1104 1148//1107 
f 680//1108 682//1106 1149//1109 
f 681//1110 680//1108 1150//1111 
f 678//1112 681//1110 1151//1113 
f 679//1114 678//1112 1152//1115 
f 677//1116 679//1114 1153//1117 
f 650//1118 677//1116 1154//1119 
f 633//1120 650//1118 1155//1121 
f 634//1122 633//1120 1156//1123 
f 707//1124 634//1122 1157//1125 
f 675//1126 707//1124 1158//1127 
f 676//1128 675//1126 1159//1129 
f 640//1130 676//1128 1160//1131 
f 751//1132 640//1130 1161//1133 
f 752//1134 751//1132 1162//1135 
f 841//1136 752//1134 1163//1137 
f 842//1138 841//1136 1164//1139 
f 854//1140 842//1138 1165//1141 
f 840//1142 854//1140 1166//1143 
f 807//1144 840//1142 1167//1145 
f 808//1146 807//1144 1168//1147 
f 806//1148 808//1146 1169//1149 
f 715//1150 806//1148 1170//1151 
f 716//1152 715//1150 1171//1153 
f 745//1154 716//1152 1172//1155 
f 777//1156 745//1154 1173//1157 
f 805//1158 777//1156 1174//1159 
f 881//875 805//1158 1175//1158 
f 1175//1158 1032//875 881//875 
f 1174//1159 1175//1158 805//1158 
f 1173//1157 1174//1159 777//1156 
f 1172//1155 1173//1157 745//1154 
f 1171//1153 1172//1155 716//1152 
f 1170//1151 1171//1153 715//1150 
f 1169//1149 1170//1151 806//1148 
f 1168//1147 1169//1149 808//1146 
f 1167//1145 1168//1147 807//1144 
f 1166//1143 1167//1145 840//1142 
f 1165//1141 1166//1143 854//1140 
f 1164//1139 1165//1141 842//1138 
f 1163//1137 1164//1139 841//1136 
f 1162//1135 1163//1137 752//1134 
f 1161//1133 1162//1135 751//1132 
f 1160//1131 1161//1133 640//1130 
f 1159//1129 1160//1131 676//1128 
f 1158//1127 1159//1129 675//1126 
f 1157//1125 1158//1127 707//1124 
f 1156//1123 1157//1125 634//1122 
f 1155//1121 1156//1123 633//1120 
f 1154//1119 1155//1121 650//1118 
f 1153//1117 1154//1119 677//1116 
f 1152//1115 1153//1117 679//1114 
f 1151//1113 1152//1115 678//1112 
f 1150//1111 1151//1113 681//1110 
f 1149//1109 1150//1111 680//1108 
f 1148//1107 1149//1109 682//1106 
f 1147//1105 1148//1107 618//1104 
f 1146//1103 1147//1105 608//1102 
f 1145//1101 1146//1103 615//1100 
f 1144//1099 1145//1101 605//1098 
f 1143//1097 1144//1099 603//1096 
f 1142//1095 1143//1097 602//1094 
f 1141//1093 1142//1095 599//1092 
f 1140//1091 1141//1093 604//1090 
f 1139//1089 1140//1091 710//1088 
f 1138//1087 1139//1089 613//1086 
f 1137//1085 1138//1087 612//1084 
f 1136//1083 1137//1085 617//1082 
f 1135//1081 1136//1083 631//1080 
f 1134//1079 1135//1081 630//1078 
f 1133//1077 1134//1079 626//1076 
f 1132//1075 1133//1077 647//1074 
f 1131//1073 1132//1075 646//1072 
f 1130//1071 1131//1073 649//1070 
f 1129//1069 1130//1071 648//1068 
f 1128//1067 1129//1069 662//1066 
f 1127//1065 1128//1067 654//1064 
f 1126//1063 1127//1065 753//1062 
f 1125//1061 1126//1063 705//1060 
f 1124//1059 1125//1061 810//1058 
f 1123//1057 1124//1059 809//1056 
f 1122//1055 1123//1057 843//1054 
f 1121//1053 1122//1055 811//1052 
f 1120//1051 1121//1053 780//1050 
f 1119//1049 1120//1051 779//1048 
f 1118//1047 1119//1049 812//1046 
f 1117//1045 1118//1047 782//1044 
f 1116//1043 1117//1045 781//1042 
f 1115//1041 1116//1043 883//1040 
f 1114//1039 1115//1041 882//1038 
f 1113//1037 1114//1039 845//1036 
f 1112//1035 1113//1037 844//1034 
f 1111//1033 1112//1035 855//1032 
f 1110//1031 1111//1033 857//1030 
f 1109//1029 1110//1031 856//1028 
f 1108//1027 1109//1029 847//1026 
f 1107//1025 1108//1027 846//1024 
f 1106//1023 1107//1025 813//1022 
f 1105//1021 1106//1023 848//1020 
f 1104//1019 1105//1021 784//1018 
f 1103//1017 1104//1019 783//1016 
f 1102//1015 1103//1017 732//1014 
f 1101//1013 1102//1015 731//1012 
f 1100//1011 1101//1013 734//1010 
f 1099//1009 1100//1011 733//1008 
f 1098//1007 1099//1009 755//1006 
f 1097//1005 1098//1007 754//1004 
f 1096//1003 1097//1005 815//1002 
f 1095//1001 1096//1003 814//1000 
f 1094//999 1095//1001 817//998 
f 1093//997 1094//999 816//996 
f 1092//995 1093//997 819//994 
f 1091//993 1092//995 818//992 
f 1090//991 1091//993 875//990 
f 1089//989 1090//991 874//988 
f 1088//987 1089//989 859//986 
f 1087//985 1088//987 858//984 
f 1086//983 1087//985 821//982 
f 1085//981 1086//983 820//980 
f 1084//979 1085//981 786//978 
f 1083//977 1084//979 785//976 
f 1082//975 1083//977 822//974 
f 1081//973 1082//975 824//972 
f 1080//971 1081//973 823//970 
f 1079//969 1080//971 757//968 
f 1078//967 1079//969 756//966 
f 1077//965 1078//967 787//964 
f 1076//963 1077//965 789//962 
f 1075//961 1076//963 788//960 
f 1074//959 1075//961 826//958 
f 1073//957 1074//959 825//956 
f 1072//955 1073//957 849//954 
f 1071//953 1072//955 828//952 
f 1070//951 1071//953 827//950 
f 1069//949 1070//951 830//948 
f 1068//947 1069//949 829//946 
f 1067//945 1068//947 831//944 
f 1066//943 1067//945 850//942 
f 1065//941 1066//943 791//940 
f 1064//939 1065//941 790//938 
f 1063//937 1064//939 793//936 
f 1062//935 1063//937 792//934 
f 1061//933 1062//935 833//932 
f 1060//931 1061//933 832//930 
f 1059//929 1060//931 876//928 
f 1058//927 1059//929 866//926 
f 1057//925 1058//927 861//924 
f 1056//923 1057//925 860//922 
f 1055//921 1056//923 885//920 
f 1054//919 1055//921 884//918 
f 1053//917 1054//919 868//916 
f 1052//915 1053//917 867//914 
f 1051//913 1052//915 863//912 
f 1050//911 1051//913 862//910 
f 1049//909 1050//911 851//908 
f 1048//907 1049//909 835//906 
f 1047//905 1048//907 834//904 
f 1046//903 1047//905 837//902 
f 1045//901 1046//903 836//900 
f 1044//899 1045//901 852//898 
f 1043//897 1044//899 878//896 
f 1042//895 1043//897 877//894 
f 1041//893 1042//895 870//892 
f 1040//891 1041//893 869//890 
f 1039//889 1040//891 879//888 
f 1038//887 1039//889 886//886 
f 1037//885 1038//887 872//884 
f 1036//883 1037//885 871//882 
f 1035//881 1036//883 880//880 
f 1034//879 1035//881 865//878 
f 1033//877 1034//879 864//876 
f 1032//875 1033//877 873//874 
usemtl 0.231373_0.380392_0.705882_0.000000_0.000000
o mesh19
f 1176//1160 1175//1160 1174//1160 
f 1174//1160 1173//1160 1176//1160 
f 1173//1160 1172//1160 1176//1160 
f 1172//1160 1171//1160 1176//1160 
f 1171//1160 1170//1160 1176//1160 
f 1170//1160 1169//1160 1176//1160 
f 1169//1160 1168//1160 1176//1160 
f 1168//1160 1167//1160 1176//1160 
f 1167//1160 1166//1160 1176//1160 
f 1166//1160 1165//1160 1176//1160 
f 1165//1160 1164//1160 1176//1160 
f 1164//1160 1163//1160 1176//1160 
f 1163//1160 1162//1160 1176//1160 
f 1162//1160 1161//1160 1176//1160 
f 1161//1160 1160//1160 1176//1160 
f 1160//1160 1159//1160 1176//1160 
f 1159//1160 1158//1160 1176//1160 
f 1158//1160 1157//1160 1176//1160 
f 1157//1160 1156//1160 1176//1160 
f 1156//1160 1155//1160 1176//1160 
f 1155//1160 1154//1160 1176//1160 
f 1154//1160 1153//1160 1176//1160 
f 1153//1160 1152//1160 1176//1160 
f 1152//1160 1151//1160 1176//1160 
f 1151//1160 1150//1160 1176//1160 
f 1150//1160 1149//1160 1176//1160 
f 1149//1160 1148//1160 1176//1160 
f 1148//1160 1147//1160 1176//1160 
f 1147//1160 1146//1160 1176//1160 
f 1146//1160 1145//1160 1176//1160 
f 1145//1160 1144//1160 1176//1160 
f 1144//1160 1143//1160 1176//1160 
f 1143//1160 1142//1160 1176//1160 
f 1142//1160 1141//1160 1176//1160 
f 1141//1160 1140//1160 1176//1160 
f 1140//1160 1139//1160 1176//1160 
f 1139//1160 1138//1160 1176//1160 
f 1138//1160 1137//1160 1176//1160 
f 1137//1160 1136//1160 1176//1160 
f 1136//1160 1135//1160 1176//1160 
f 1135//1160 1134//1160 1176//1160 
f 1134//1160 1133//1160 1176//1160 
f 1133//1160 1132//1160 1176//1160 
f 1132//1160 1131//1160 1176//1160 
f 1131//1160 1130//1160 1176//1160 
f 1130//1160 1129//1160 1176//1160 
f 1129//1160 1128//1160 1176//1160 
f 1128//1160 1127//1160 1176//1160 
f 1127//1160 1126//1160 1176//1160 
f 1126//1160 1125//1160 1176//1160 
f 1125//1160 1124//1160 1176//1160 
f 1124//1160 1123//1160 1176//1160 
f 1123//1160 1122//1160 1176//1160 
f 1122//1160 1121//1160 1176//1160 
f 1121//1160 1120//1160 1176//1160 
f 1120//1160 1119//1160 1176//1160 
f 1119//1160 1118//1160 1176//1160 
f 1118//1160 1117//1160 1176//1160 
f 1117//1160 1116//1160 1176//1160 
f 1116//1160 1115//1160 1176//1160 
f 1115//1160 1114//1160 1176//1160 
f 1114//1160 1113//1160 1176//1160 
f 1113//1160 1112//1160 1176//1160 
f 1112//1160 1111//1160 1176//1160 
f 1111//1160 1110//1160 1176//1160 
f 1110//1160 1109//1160 1176//1160 
f 1109//1160 1108//1160 1176//1160 
f 1108//1160 1107//1160 1176//1160 
f 1107//1160 1106//1160 1176//1160 
f 1106//1160 1105//1160 1176//1160 
f 1105//1160 1104//1160 1176//1160 
f 1104//1160 1103//1160 1176//1160 
f 1103//1160 1102//1160 1176//1160 
f 1102//1160 1101//1160 1176//1160 
f 1101//1160 1100//1160 1176//1160 
f 1100//1160 1099//1160 1176//1160 
f 1099//1160 1098//1160 1176//1160 
f 1098//1160 1097//1160 1176//1160 
f 1097//1160 1096//1160 1176//1160 
f 1096//1160 1095//1160 1176//1160 
f 1095//1160 1094//1160 1176//1160 
f 1094//1160 1093//1160 1176//1160 
f 1093//1160 1092//1160 1176//1160 
f 1092//1160 1091//1160 1176//1160 
f 1091//1160 1090//1160 1176//1160 
f 1090//1160 1089//1160 1176//1160 
f 1089//1160 1088//1160 1176//1160 
f 1088//1160 1087//1160 1176//1160 
f 1087//1160 1086//1160 1176//1160 
f 1086//1160 1085//1160 1176//1160 
f 1085//1160 1084//1160 1176//1160 
f 1084//1160 1083//1160 1176//1160 
f 1083//1160 1082//1160 1176//1160 
f 1082//1160 1081//1160 1176//1160 
f 1081//1160 1080//1160 1176//1160 
f 1080//1160 1079//1160 1176//1160 
f 1079//1160 1078//1160 1176//1160 
f 1078//1160 1077//1160 1176//1160 
f 1077//1160 1076//1160 1176//1160 
f 1076//1160 1075//1160 1176//1160 
f 1075//1160 1074//1160 1176//1160 
f 1074//1160 1073//1160 1176//1160 
f 1073//1160 1072//1160 1176//1160 
f 1072//1160 1071//1160 1176//1160 
f 1071//1160 1070//1160 1176//1160 
f 1070//1160 1069//1160 1176//1160 
f 1069//1160 1068//1160 1176//1160 
f 1068//1160 1067//1160 1176//1160 
f 1067//1160 1066//1160 1176//1160 
f 1066//1160 1065//1160 1176//1160 
f 1065//1160 1064//1160 1176//1160 
f 1064//1160 1063//1160 1176//1160 
f 1063//1160 1062//1160 1176//1160 
f 1062//1160 1061//1160 1176//1160 
f 1061//1160 1060//1160 1176//1160 
f 1060//1160 1059//1160 1176//1160 
f 1059//1160 1058//1160 1176//1160 
f 1058//1160 1057//1160 1176//1160 
f 1057//1160 1056//1160 1176//1160 
f 1056//1160 1055//1160 1176//1160 
f 1055//1160 1054//1160 1176//1160 
f 1054//1160 1053//1160 1176//1160 
f 1053//1160 1052//1160 1176//1160 
f 1052//1160 1051//1160 1176//1160 
f 1051//1160 1050//1160 1176//1160 
f 1050//1160 1049//1160 1176//1160 
f 1049//1160 1048//1160 1176//1160 
f 1048//1160 1047//1160 1176//1160 
f 1047//1160 1046//1160 1176//1160 
f 1046//1160 1045//1160 1176//1160 
f 1045//1160 1044//1160 1176//1160 
f 1044//1160 1043//1160 1176//1160 
f 1043//1160 1042//1160 1176//1160 
f 1042//1160 1041//1160 1176//1160 
f 1041//1160 1040//1160 1176//1160 
f 1040//1160 1039//1160 1176//1160 
f 1039//1160 1038//1160 1176//1160 
f 1038//1160 1037//1160 1176//1160 
f 1037//1160 1036//1160 1176//1160 
f 1036//1160 1035//1160 1176//1160 
f 1035//1160 1034//1160 1176//1160 
f 1034//1160 1033//1160 1176//1160 
f 1033//1160 1032//1160 1176//1160 
f 1032//1160 1175//1160 1176//1160 
